vessel_id,lon,lat,speed,dt,dt_min,dt_max
1eee5599ef5de5c07df6698ab4d4a6e6bbe4a2be25208864a8876cf6050452ad,23.63733,37.94239,10.7,2019-04-29 20:36:44,2019-04-29 20:36:14,2019-04-29 20:37:14
1eee5599ef5de5c07df6698ab4d4a6e6bbe4a2be25208864a8876cf6050452ad,23.63744,37.94244,10.7,2019-04-29 20:36:46,2019-04-29 20:36:16,2019-04-29 20:37:16
1eee5599ef5de5c07df6698ab4d4a6e6bbe4a2be25208864a8876cf6050452ad,23.63765,37.94253,10.7,2019-04-29 20:36:50,2019-04-29 20:36:20,2019-04-29 20:37:20
1eee5599ef5de5c07df6698ab4d4a6e6bbe4a2be25208864a8876cf6050452ad,23.63777,37.94257,10.7,2019-04-29 20:36:51,2019-04-29 20:36:21,2019-04-29 20:37:21
1eee5599ef5de5c07df6698ab4d4a6e6bbe4a2be25208864a8876cf6050452ad,23.63794,37.94264,10.7,2019-04-29 20:36:55,2019-04-29 20:36:25,2019-04-29 20:37:25
1eee5599ef5de5c07df6698ab4d4a6e6bbe4a2be25208864a8876cf6050452ad,23.63811,37.94271,10.7,2019-04-29 20:36:58,2019-04-29 20:36:28,2019-04-29 20:37:28
1eee5599ef5de5c07df6698ab4d4a6e6bbe4a2be25208864a8876cf6050452ad,23.63869,37.94291,10.7,2019-04-29 20:37:08,2019-04-29 20:36:38,2019-04-29 20:37:38
bfca0e846b6d35f8fde7611da7ff55835ba71a7eda53d3a3a6797947c9f70d8c,23.62156,37.93747,12.1,2019-04-29 20:37:27,2019-04-29 20:36:57,2019-04-29 20:37:57
1eee5599ef5de5c07df6698ab4d4a6e6bbe4a2be25208864a8876cf6050452ad,23.63982,37.94324,10.4,2019-04-29 20:37:28,2019-04-29 20:36:58,2019-04-29 20:37:58
bfca0e846b6d35f8fde7611da7ff55835ba71a7eda53d3a3a6797947c9f70d8c,23.62171,37.93753,12,2019-04-29 20:37:29,2019-04-29 20:36:59,2019-04-29 20:37:59
bfca0e846b6d35f8fde7611da7ff55835ba71a7eda53d3a3a6797947c9f70d8c,23.62181,37.93757,11.9,2019-04-29 20:37:30,2019-04-29 20:37:00,2019-04-29 20:38:00
bfca0e846b6d35f8fde7611da7ff55835ba71a7eda53d3a3a6797947c9f70d8c,23.62181,37.93757,11.8,2019-04-29 20:37:32,2019-04-29 20:37:02,2019-04-29 20:38:02
bfca0e846b6d35f8fde7611da7ff55835ba71a7eda53d3a3a6797947c9f70d8c,23.62205,37.93766,11.7,2019-04-29 20:37:35,2019-04-29 20:37:05,2019-04-29 20:38:05
bfca0e846b6d35f8fde7611da7ff55835ba71a7eda53d3a3a6797947c9f70d8c,23.62219,37.93772,11.7,2019-04-29 20:37:36,2019-04-29 20:37:06,2019-04-29 20:38:06
1eee5599ef5de5c07df6698ab4d4a6e6bbe4a2be25208864a8876cf6050452ad,23.64043,37.94334,10.4,2019-04-29 20:37:38,2019-04-29 20:37:08,2019-04-29 20:38:08
bfca0e846b6d35f8fde7611da7ff55835ba71a7eda53d3a3a6797947c9f70d8c,23.62229,37.93775,11.6,2019-04-29 20:37:38,2019-04-29 20:37:08,2019-04-29 20:38:08
bfca0e846b6d35f8fde7611da7ff55835ba71a7eda53d3a3a6797947c9f70d8c,23.62244,37.9378,11.5,2019-04-29 20:37:41,2019-04-29 20:37:11,2019-04-29 20:38:11
bfca0e846b6d35f8fde7611da7ff55835ba71a7eda53d3a3a6797947c9f70d8c,23.62263,37.93786,11.4,2019-04-29 20:37:45,2019-04-29 20:37:15,2019-04-29 20:38:15
bfca0e846b6d35f8fde7611da7ff55835ba71a7eda53d3a3a6797947c9f70d8c,23.62282,37.93793,11.4,2019-04-29 20:37:47,2019-04-29 20:37:17,2019-04-29 20:38:17
1eee5599ef5de5c07df6698ab4d4a6e6bbe4a2be25208864a8876cf6050452ad,23.64103,37.94344,10.5,2019-04-29 20:37:48,2019-04-29 20:37:18,2019-04-29 20:38:18
bfca0e846b6d35f8fde7611da7ff55835ba71a7eda53d3a3a6797947c9f70d8c,23.62306,37.938,11.2,2019-04-29 20:37:50,2019-04-29 20:37:20,2019-04-29 20:38:20
bfca0e846b6d35f8fde7611da7ff55835ba71a7eda53d3a3a6797947c9f70d8c,23.62325,37.93806,11.1,2019-04-29 20:37:53,2019-04-29 20:37:23,2019-04-29 20:38:23
bfca0e846b6d35f8fde7611da7ff55835ba71a7eda53d3a3a6797947c9f70d8c,23.6233,37.93807,11,2019-04-29 20:37:54,2019-04-29 20:37:24,2019-04-29 20:38:24
bfca0e846b6d35f8fde7611da7ff55835ba71a7eda53d3a3a6797947c9f70d8c,23.62339,37.9381,10.9,2019-04-29 20:37:56,2019-04-29 20:37:26,2019-04-29 20:38:26
1eee5599ef5de5c07df6698ab4d4a6e6bbe4a2be25208864a8876cf6050452ad,23.64163,37.94358,10.5,2019-04-29 20:37:58,2019-04-29 20:37:28,2019-04-29 20:38:28
bfca0e846b6d35f8fde7611da7ff55835ba71a7eda53d3a3a6797947c9f70d8c,23.62353,37.93815,10.7,2019-04-29 20:37:59,2019-04-29 20:37:29,2019-04-29 20:38:29
bfca0e846b6d35f8fde7611da7ff55835ba71a7eda53d3a3a6797947c9f70d8c,23.62366,37.93819,10.7,2019-04-29 20:38:01,2019-04-29 20:37:31,2019-04-29 20:38:31
bfca0e846b6d35f8fde7611da7ff55835ba71a7eda53d3a3a6797947c9f70d8c,23.62375,37.93821,10.6,2019-04-29 20:38:02,2019-04-29 20:37:32,2019-04-29 20:38:32
bfca0e846b6d35f8fde7611da7ff55835ba71a7eda53d3a3a6797947c9f70d8c,23.62389,37.93826,10.5,2019-04-29 20:38:05,2019-04-29 20:37:35,2019-04-29 20:38:35
1eee5599ef5de5c07df6698ab4d4a6e6bbe4a2be25208864a8876cf6050452ad,23.64214,37.94375,9.7,2019-04-29 20:38:08,2019-04-29 20:37:38,2019-04-29 20:38:38
bfca0e846b6d35f8fde7611da7ff55835ba71a7eda53d3a3a6797947c9f70d8c,23.62429,37.93838,10.3,2019-04-29 20:38:11,2019-04-29 20:37:41,2019-04-29 20:38:41
bfca0e846b6d35f8fde7611da7ff55835ba71a7eda53d3a3a6797947c9f70d8c,23.62454,37.93847,10.2,2019-04-29 20:38:17,2019-04-29 20:37:47,2019-04-29 20:38:47
bfca0e846b6d35f8fde7611da7ff55835ba71a7eda53d3a3a6797947c9f70d8c,23.62493,37.9386,10.1,2019-04-29 20:38:23,2019-04-29 20:37:53,2019-04-29 20:38:53
bfca0e846b6d35f8fde7611da7ff55835ba71a7eda53d3a3a6797947c9f70d8c,23.62519,37.93868,10,2019-04-29 20:38:29,2019-04-29 20:37:59,2019-04-29 20:38:59
1d2a32243707b28cb49a7c7806585b884d7f84b30c1a248eda6636f67780f0a4,23.64106,37.94779,0.1,2019-04-29 20:38:35,2019-04-29 20:38:05,2019-04-29 20:39:05
1eee5599ef5de5c07df6698ab4d4a6e6bbe4a2be25208864a8876cf6050452ad,23.64295,37.94421,3.8,2019-04-29 20:38:38,2019-04-29 20:38:08,2019-04-29 20:39:08
ce1b88a7983b03e73811ccc8ea111f6879a89ae04eca20ee8f6a8c1c080917b5,23.6363,37.93985,0.1,2019-04-29 20:38:41,2019-04-29 20:38:11,2019-04-29 20:39:11
1d2a32243707b28cb49a7c7806585b884d7f84b30c1a248eda6636f67780f0a4,23.64106,37.94779,0.1,2019-04-29 20:38:45,2019-04-29 20:38:15,2019-04-29 20:39:15
bfca0e846b6d35f8fde7611da7ff55835ba71a7eda53d3a3a6797947c9f70d8c,23.62616,37.939,9.8,2019-04-29 20:38:47,2019-04-29 20:38:17,2019-04-29 20:39:17
1eee5599ef5de5c07df6698ab4d4a6e6bbe4a2be25208864a8876cf6050452ad,23.64301,37.94429,2.1,2019-04-29 20:38:48,2019-04-29 20:38:18,2019-04-29 20:39:18
5de00399a2fdba5f2eb761a622a79a73af9d4058d51e6b16077c9c38969fb2de,23.62202,37.938,10.3,2019-04-29 20:38:52,2019-04-29 20:38:22,2019-04-29 20:39:22
bfca0e846b6d35f8fde7611da7ff55835ba71a7eda53d3a3a6797947c9f70d8c,23.6265,37.93911,9.8,2019-04-29 20:38:53,2019-04-29 20:38:23,2019-04-29 20:39:23
1eee5599ef5de5c07df6698ab4d4a6e6bbe4a2be25208864a8876cf6050452ad,23.64303,37.94432,1,2019-04-29 20:38:58,2019-04-29 20:38:28,2019-04-29 20:39:28
bfca0e846b6d35f8fde7611da7ff55835ba71a7eda53d3a3a6797947c9f70d8c,23.62683,37.93922,9.8,2019-04-29 20:38:59,2019-04-29 20:38:29,2019-04-29 20:39:29
bfca0e846b6d35f8fde7611da7ff55835ba71a7eda53d3a3a6797947c9f70d8c,23.62744,37.93941,9.6,2019-04-29 20:39:11,2019-04-29 20:38:41,2019-04-29 20:39:41
f6bc7f1c524e9ddb5ebee6ea1012f54502556638891b604dcd17ee19cf4e2b4f,23.63998,37.94213,0.1,2019-04-29 20:39:16,2019-04-29 20:38:46,2019-04-29 20:39:46
bfca0e846b6d35f8fde7611da7ff55835ba71a7eda53d3a3a6797947c9f70d8c,23.62779,37.9395,9.6,2019-04-29 20:39:17,2019-04-29 20:38:47,2019-04-29 20:39:47
5de00399a2fdba5f2eb761a622a79a73af9d4058d51e6b16077c9c38969fb2de,23.62373,37.93847,10.3,2019-04-29 20:39:21,2019-04-29 20:38:51,2019-04-29 20:39:51
5de00399a2fdba5f2eb761a622a79a73af9d4058d51e6b16077c9c38969fb2de,23.62428,37.93863,10.2,2019-04-29 20:39:31,2019-04-29 20:39:01,2019-04-29 20:40:01
bfca0e846b6d35f8fde7611da7ff55835ba71a7eda53d3a3a6797947c9f70d8c,23.62875,37.93976,9.6,2019-04-29 20:39:35,2019-04-29 20:39:05,2019-04-29 20:40:05
bfca0e846b6d35f8fde7611da7ff55835ba71a7eda53d3a3a6797947c9f70d8c,23.62905,37.93985,9.7,2019-04-29 20:39:41,2019-04-29 20:39:11,2019-04-29 20:40:11
bfca0e846b6d35f8fde7611da7ff55835ba71a7eda53d3a3a6797947c9f70d8c,23.62973,37.94005,9.8,2019-04-29 20:39:53,2019-04-29 20:39:23,2019-04-29 20:40:23
bfca0e846b6d35f8fde7611da7ff55835ba71a7eda53d3a3a6797947c9f70d8c,23.62994,37.94012,9.8,2019-04-29 20:39:57,2019-04-29 20:39:27,2019-04-29 20:40:27
ce1b88a7983b03e73811ccc8ea111f6879a89ae04eca20ee8f6a8c1c080917b5,23.6363,37.93986,0.1,2019-04-29 20:40:00,2019-04-29 20:39:30,2019-04-29 20:40:30
1d2a32243707b28cb49a7c7806585b884d7f84b30c1a248eda6636f67780f0a4,23.64105,37.94778,0.1,2019-04-29 20:40:05,2019-04-29 20:39:35,2019-04-29 20:40:35
bfca0e846b6d35f8fde7611da7ff55835ba71a7eda53d3a3a6797947c9f70d8c,23.63036,37.94027,9.9,2019-04-29 20:40:05,2019-04-29 20:39:35,2019-04-29 20:40:35
bfca0e846b6d35f8fde7611da7ff55835ba71a7eda53d3a3a6797947c9f70d8c,23.6304,37.94029,9.9,2019-04-29 20:40:07,2019-04-29 20:39:37,2019-04-29 20:40:37
bfca0e846b6d35f8fde7611da7ff55835ba71a7eda53d3a3a6797947c9f70d8c,23.6307,37.94039,10,2019-04-29 20:40:11,2019-04-29 20:39:41,2019-04-29 20:40:41
5de00399a2fdba5f2eb761a622a79a73af9d4058d51e6b16077c9c38969fb2de,23.62658,37.9393,10,2019-04-29 20:40:11,2019-04-29 20:39:41,2019-04-29 20:40:41
1d2a32243707b28cb49a7c7806585b884d7f84b30c1a248eda6636f67780f0a4,23.64105,37.94778,0.1,2019-04-29 20:40:15,2019-04-29 20:39:45,2019-04-29 20:40:45
bfca0e846b6d35f8fde7611da7ff55835ba71a7eda53d3a3a6797947c9f70d8c,23.631,37.94048,10.1,2019-04-29 20:40:17,2019-04-29 20:39:47,2019-04-29 20:40:47
5de00399a2fdba5f2eb761a622a79a73af9d4058d51e6b16077c9c38969fb2de,23.62708,37.93945,10.1,2019-04-29 20:40:21,2019-04-29 20:39:51,2019-04-29 20:40:51
bfca0e846b6d35f8fde7611da7ff55835ba71a7eda53d3a3a6797947c9f70d8c,23.63135,37.94059,10.1,2019-04-29 20:40:23,2019-04-29 20:39:53,2019-04-29 20:40:53
bfca0e846b6d35f8fde7611da7ff55835ba71a7eda53d3a3a6797947c9f70d8c,23.63157,37.94066,10.2,2019-04-29 20:40:27,2019-04-29 20:39:57,2019-04-29 20:40:57
bfca0e846b6d35f8fde7611da7ff55835ba71a7eda53d3a3a6797947c9f70d8c,23.63161,37.94067,10.2,2019-04-29 20:40:28,2019-04-29 20:39:58,2019-04-29 20:40:58
5de00399a2fdba5f2eb761a622a79a73af9d4058d51e6b16077c9c38969fb2de,23.62765,37.93958,10,2019-04-29 20:40:31,2019-04-29 20:40:01,2019-04-29 20:41:01
f6bc7f1c524e9ddb5ebee6ea1012f54502556638891b604dcd17ee19cf4e2b4f,23.63998,37.94212,0.1,2019-04-29 20:40:36,2019-04-29 20:40:06,2019-04-29 20:41:06
bfca0e846b6d35f8fde7611da7ff55835ba71a7eda53d3a3a6797947c9f70d8c,23.63206,37.9408,10.2,2019-04-29 20:40:37,2019-04-29 20:40:07,2019-04-29 20:41:07
bfca0e846b6d35f8fde7611da7ff55835ba71a7eda53d3a3a6797947c9f70d8c,23.63238,37.94089,10.2,2019-04-29 20:40:41,2019-04-29 20:40:11,2019-04-29 20:41:11
5de00399a2fdba5f2eb761a622a79a73af9d4058d51e6b16077c9c38969fb2de,23.6282,37.93975,10.2,2019-04-29 20:40:42,2019-04-29 20:40:12,2019-04-29 20:41:12
bfca0e846b6d35f8fde7611da7ff55835ba71a7eda53d3a3a6797947c9f70d8c,23.63274,37.94099,10.2,2019-04-29 20:40:47,2019-04-29 20:40:17,2019-04-29 20:41:17
1d2a32243707b28cb49a7c7806585b884d7f84b30c1a248eda6636f67780f0a4,23.63985,37.94789,5.4,2019-04-29 20:00:01,2019-04-29 19:59:31,2019-04-29 20:00:31
57139e85177dea04c5a366a3c24ca31a613754c1379d3e5cd844995e479ddf07,23.64313,37.94355,1.7,2019-04-29 20:00:04,2019-04-29 19:59:34,2019-04-29 20:00:34
11e59aaa59860630711db1173860c9b322292d9da5a3311c469093a8d754c058,23.63859,37.94382,9.8,2019-04-29 20:00:04,2019-04-29 19:59:34,2019-04-29 20:00:34
1d2a32243707b28cb49a7c7806585b884d7f84b30c1a248eda6636f67780f0a4,23.64003,37.94796,5.1,2019-04-29 20:00:09,2019-04-29 19:59:39,2019-04-29 20:00:39
1d2a32243707b28cb49a7c7806585b884d7f84b30c1a248eda6636f67780f0a4,23.64008,37.94798,5.1,2019-04-29 20:00:11,2019-04-29 19:59:41,2019-04-29 20:00:41
ce1b88a7983b03e73811ccc8ea111f6879a89ae04eca20ee8f6a8c1c080917b5,23.63626,37.9399,0.1,2019-04-29 20:00:11,2019-04-29 19:59:41,2019-04-29 20:00:41
11e59aaa59860630711db1173860c9b322292d9da5a3311c469093a8d754c058,23.63903,37.94392,9.3,2019-04-29 20:00:12,2019-04-29 19:59:42,2019-04-29 20:00:42
1d2a32243707b28cb49a7c7806585b884d7f84b30c1a248eda6636f67780f0a4,23.64027,37.94803,4.8,2019-04-29 20:00:18,2019-04-29 19:59:48,2019-04-29 20:00:48
1d2a32243707b28cb49a7c7806585b884d7f84b30c1a248eda6636f67780f0a4,23.64039,37.94805,4.6,2019-04-29 20:00:22,2019-04-29 19:59:52,2019-04-29 20:00:52
11e59aaa59860630711db1173860c9b322292d9da5a3311c469093a8d754c058,23.6396,37.94396,8.5,2019-04-29 20:00:23,2019-04-29 19:59:53,2019-04-29 20:00:53
1d2a32243707b28cb49a7c7806585b884d7f84b30c1a248eda6636f67780f0a4,23.64044,37.94805,4.5,2019-04-29 20:00:25,2019-04-29 19:59:55,2019-04-29 20:00:55
1d2a32243707b28cb49a7c7806585b884d7f84b30c1a248eda6636f67780f0a4,23.6406,37.94805,4.1,2019-04-29 20:00:32,2019-04-29 20:00:02,2019-04-29 20:01:02
ce1b88a7983b03e73811ccc8ea111f6879a89ae04eca20ee8f6a8c1c080917b5,23.63627,37.9399,0.1,2019-04-29 20:00:32,2019-04-29 20:00:02,2019-04-29 20:01:02
11e59aaa59860630711db1173860c9b322292d9da5a3311c469093a8d754c058,23.64,37.94391,7.1,2019-04-29 20:00:32,2019-04-29 20:00:02,2019-04-29 20:01:02
1d2a32243707b28cb49a7c7806585b884d7f84b30c1a248eda6636f67780f0a4,23.64066,37.94805,3.9,2019-04-29 20:00:34,2019-04-29 20:00:04,2019-04-29 20:01:04
1d2a32243707b28cb49a7c7806585b884d7f84b30c1a248eda6636f67780f0a4,23.64071,37.94804,3.6,2019-04-29 20:00:38,2019-04-29 20:00:08,2019-04-29 20:01:08
11e59aaa59860630711db1173860c9b322292d9da5a3311c469093a8d754c058,23.64028,37.94378,5.4,2019-04-29 20:00:42,2019-04-29 20:00:12,2019-04-29 20:01:12
1d2a32243707b28cb49a7c7806585b884d7f84b30c1a248eda6636f67780f0a4,23.64079,37.94802,3.3,2019-04-29 20:00:42,2019-04-29 20:00:12,2019-04-29 20:01:12
1d2a32243707b28cb49a7c7806585b884d7f84b30c1a248eda6636f67780f0a4,23.64082,37.94801,3.1,2019-04-29 20:00:44,2019-04-29 20:00:14,2019-04-29 20:01:14
1d2a32243707b28cb49a7c7806585b884d7f84b30c1a248eda6636f67780f0a4,23.64086,37.94799,2.9,2019-04-29 20:00:47,2019-04-29 20:00:17,2019-04-29 20:01:17
5de00399a2fdba5f2eb761a622a79a73af9d4058d51e6b16077c9c38969fb2de,23.62883,37.93992,10.2,2019-04-29 20:40:52,2019-04-29 20:40:22,2019-04-29 20:41:22
11e59aaa59860630711db1173860c9b322292d9da5a3311c469093a8d754c058,23.64048,37.94359,3.6,2019-04-29 20:00:53,2019-04-29 20:00:23,2019-04-29 20:01:23
1d2a32243707b28cb49a7c7806585b884d7f84b30c1a248eda6636f67780f0a4,23.64094,37.94795,2.4,2019-04-29 20:00:56,2019-04-29 20:00:26,2019-04-29 20:01:26
1d2a32243707b28cb49a7c7806585b884d7f84b30c1a248eda6636f67780f0a4,23.64097,37.94793,2.1,2019-04-29 20:01:01,2019-04-29 20:00:31,2019-04-29 20:01:31
11e59aaa59860630711db1173860c9b322292d9da5a3311c469093a8d754c058,23.64053,37.94346,1.9,2019-04-29 20:01:04,2019-04-29 20:00:34,2019-04-29 20:01:34
1d2a32243707b28cb49a7c7806585b884d7f84b30c1a248eda6636f67780f0a4,23.641,37.94791,1.9,2019-04-29 20:01:05,2019-04-29 20:00:35,2019-04-29 20:01:35
1d2a32243707b28cb49a7c7806585b884d7f84b30c1a248eda6636f67780f0a4,23.64101,37.9479,1.9,2019-04-29 20:01:08,2019-04-29 20:00:38,2019-04-29 20:01:38
1d2a32243707b28cb49a7c7806585b884d7f84b30c1a248eda6636f67780f0a4,23.64102,37.94788,1.7,2019-04-29 20:01:11,2019-04-29 20:00:41,2019-04-29 20:01:41
1d2a32243707b28cb49a7c7806585b884d7f84b30c1a248eda6636f67780f0a4,23.64104,37.94785,1.4,2019-04-29 20:01:19,2019-04-29 20:00:49,2019-04-29 20:01:49
1d2a32243707b28cb49a7c7806585b884d7f84b30c1a248eda6636f67780f0a4,23.64104,37.94783,1.2,2019-04-29 20:01:22,2019-04-29 20:00:52,2019-04-29 20:01:52
11e59aaa59860630711db1173860c9b322292d9da5a3311c469093a8d754c058,23.64054,37.94338,0.1,2019-04-29 20:01:23,2019-04-29 20:00:53,2019-04-29 20:01:53
1d2a32243707b28cb49a7c7806585b884d7f84b30c1a248eda6636f67780f0a4,23.64104,37.94783,1.1,2019-04-29 20:01:25,2019-04-29 20:00:55,2019-04-29 20:01:55
1d2a32243707b28cb49a7c7806585b884d7f84b30c1a248eda6636f67780f0a4,23.64104,37.94781,1,2019-04-29 20:01:29,2019-04-29 20:00:59,2019-04-29 20:01:59
1d2a32243707b28cb49a7c7806585b884d7f84b30c1a248eda6636f67780f0a4,23.64103,37.9478,0.9,2019-04-29 20:01:31,2019-04-29 20:01:01,2019-04-29 20:02:01
ce1b88a7983b03e73811ccc8ea111f6879a89ae04eca20ee8f6a8c1c080917b5,23.63628,37.93988,0.1,2019-04-29 20:01:32,2019-04-29 20:01:02,2019-04-29 20:02:02
11e59aaa59860630711db1173860c9b322292d9da5a3311c469093a8d754c058,23.64054,37.9434,0.5,2019-04-29 20:01:32,2019-04-29 20:01:02,2019-04-29 20:02:02
1d2a32243707b28cb49a7c7806585b884d7f84b30c1a248eda6636f67780f0a4,23.64102,37.94779,0.9,2019-04-29 20:01:34,2019-04-29 20:01:04,2019-04-29 20:02:04
1d2a32243707b28cb49a7c7806585b884d7f84b30c1a248eda6636f67780f0a4,23.641,37.94778,0.9,2019-04-29 20:01:38,2019-04-29 20:01:08,2019-04-29 20:02:08
11e59aaa59860630711db1173860c9b322292d9da5a3311c469093a8d754c058,23.64055,37.94344,1.3,2019-04-29 20:01:42,2019-04-29 20:01:12,2019-04-29 20:02:12
1d2a32243707b28cb49a7c7806585b884d7f84b30c1a248eda6636f67780f0a4,23.64098,37.94777,0.9,2019-04-29 20:01:42,2019-04-29 20:01:12,2019-04-29 20:02:12
1d2a32243707b28cb49a7c7806585b884d7f84b30c1a248eda6636f67780f0a4,23.64096,37.94777,0.9,2019-04-29 20:01:46,2019-04-29 20:01:16,2019-04-29 20:02:16
1d2a32243707b28cb49a7c7806585b884d7f84b30c1a248eda6636f67780f0a4,23.64093,37.94776,1,2019-04-29 20:01:51,2019-04-29 20:01:21,2019-04-29 20:02:21
ce1b88a7983b03e73811ccc8ea111f6879a89ae04eca20ee8f6a8c1c080917b5,23.63628,37.93988,0.1,2019-04-29 20:01:51,2019-04-29 20:01:21,2019-04-29 20:02:21
11e59aaa59860630711db1173860c9b322292d9da5a3311c469093a8d754c058,23.6406,37.94352,1.6,2019-04-29 20:01:53,2019-04-29 20:01:23,2019-04-29 20:02:23
1d2a32243707b28cb49a7c7806585b884d7f84b30c1a248eda6636f67780f0a4,23.64085,37.94777,1,2019-04-29 20:02:01,2019-04-29 20:01:31,2019-04-29 20:02:31
9853c62eb450dee1bf42639a61e714abcb743428820cf743ce59e4a058c4a842,23.62616,37.93865,1.3,2019-04-29 20:02:01,2019-04-29 20:01:31,2019-04-29 20:02:31
1d2a32243707b28cb49a7c7806585b884d7f84b30c1a248eda6636f67780f0a4,23.64083,37.94777,1.1,2019-04-29 20:02:05,2019-04-29 20:01:35,2019-04-29 20:02:35
11e59aaa59860630711db1173860c9b322292d9da5a3311c469093a8d754c058,23.6407,37.94368,2.5,2019-04-29 20:02:12,2019-04-29 20:01:42,2019-04-29 20:02:42
1d2a32243707b28cb49a7c7806585b884d7f84b30c1a248eda6636f67780f0a4,23.64078,37.94778,0.9,2019-04-29 20:02:15,2019-04-29 20:01:45,2019-04-29 20:02:45
1d2a32243707b28cb49a7c7806585b884d7f84b30c1a248eda6636f67780f0a4,23.64077,37.94777,0.8,2019-04-29 20:02:19,2019-04-29 20:01:49,2019-04-29 20:02:49
ce1b88a7983b03e73811ccc8ea111f6879a89ae04eca20ee8f6a8c1c080917b5,23.63629,37.93988,0.1,2019-04-29 20:02:21,2019-04-29 20:01:51,2019-04-29 20:02:51
11e59aaa59860630711db1173860c9b322292d9da5a3311c469093a8d754c058,23.64081,37.94379,2.7,2019-04-29 20:02:23,2019-04-29 20:01:53,2019-04-29 20:02:53
1d2a32243707b28cb49a7c7806585b884d7f84b30c1a248eda6636f67780f0a4,23.64076,37.94775,0.7,2019-04-29 20:02:25,2019-04-29 20:01:55,2019-04-29 20:02:55
1d2a32243707b28cb49a7c7806585b884d7f84b30c1a248eda6636f67780f0a4,23.64076,37.94774,0.7,2019-04-29 20:02:28,2019-04-29 20:01:58,2019-04-29 20:02:58
9853c62eb450dee1bf42639a61e714abcb743428820cf743ce59e4a058c4a842,23.62521,37.9385,9.2,2019-04-29 20:02:30,2019-04-29 20:02:00,2019-04-29 20:03:00
11e59aaa59860630711db1173860c9b322292d9da5a3311c469093a8d754c058,23.64091,37.94387,2.8,2019-04-29 20:02:32,2019-04-29 20:02:02,2019-04-29 20:03:02
1d2a32243707b28cb49a7c7806585b884d7f84b30c1a248eda6636f67780f0a4,23.64076,37.94771,0.8,2019-04-29 20:02:34,2019-04-29 20:02:04,2019-04-29 20:03:04
1d2a32243707b28cb49a7c7806585b884d7f84b30c1a248eda6636f67780f0a4,23.64076,37.9477,0.8,2019-04-29 20:02:38,2019-04-29 20:02:08,2019-04-29 20:03:08
1d2a32243707b28cb49a7c7806585b884d7f84b30c1a248eda6636f67780f0a4,23.64075,37.94768,0.8,2019-04-29 20:02:41,2019-04-29 20:02:11,2019-04-29 20:03:11
11e59aaa59860630711db1173860c9b322292d9da5a3311c469093a8d754c058,23.64102,37.94396,3,2019-04-29 20:02:42,2019-04-29 20:02:12,2019-04-29 20:03:12
1d2a32243707b28cb49a7c7806585b884d7f84b30c1a248eda6636f67780f0a4,23.64076,37.94765,0.7,2019-04-29 20:02:49,2019-04-29 20:02:19,2019-04-29 20:03:19
1d2a32243707b28cb49a7c7806585b884d7f84b30c1a248eda6636f67780f0a4,23.64076,37.94764,0.7,2019-04-29 20:02:54,2019-04-29 20:02:24,2019-04-29 20:03:24
ce1b88a7983b03e73811ccc8ea111f6879a89ae04eca20ee8f6a8c1c080917b5,23.63629,37.93989,0.1,2019-04-29 20:03:01,2019-04-29 20:02:31,2019-04-29 20:03:31
1d2a32243707b28cb49a7c7806585b884d7f84b30c1a248eda6636f67780f0a4,23.64076,37.94762,0.7,2019-04-29 20:03:01,2019-04-29 20:02:31,2019-04-29 20:03:31
11e59aaa59860630711db1173860c9b322292d9da5a3311c469093a8d754c058,23.64129,37.9442,3.3,2019-04-29 20:03:02,2019-04-29 20:02:32,2019-04-29 20:03:32
1d2a32243707b28cb49a7c7806585b884d7f84b30c1a248eda6636f67780f0a4,23.64076,37.94761,0.6,2019-04-29 20:03:05,2019-04-29 20:02:35,2019-04-29 20:03:35
5ba4836f5f81948f3cd56034b22750861943cc65d311f250b8072c528736ea26,23.63733,37.94733,0.1,2019-04-29 20:03:16,2019-04-29 20:02:46,2019-04-29 20:03:46
ce1b88a7983b03e73811ccc8ea111f6879a89ae04eca20ee8f6a8c1c080917b5,23.6363,37.93988,0.1,2019-04-29 20:03:21,2019-04-29 20:02:51,2019-04-29 20:03:51
11e59aaa59860630711db1173860c9b322292d9da5a3311c469093a8d754c058,23.64146,37.94437,1.8,2019-04-29 20:03:23,2019-04-29 20:02:53,2019-04-29 20:03:53
1d2a32243707b28cb49a7c7806585b884d7f84b30c1a248eda6636f67780f0a4,23.64078,37.94761,0.1,2019-04-29 20:03:25,2019-04-29 20:02:55,2019-04-29 20:03:55
ce1b88a7983b03e73811ccc8ea111f6879a89ae04eca20ee8f6a8c1c080917b5,23.6363,37.93988,0.1,2019-04-29 20:03:32,2019-04-29 20:03:02,2019-04-29 20:04:02
11e59aaa59860630711db1173860c9b322292d9da5a3311c469093a8d754c058,23.64151,37.94443,1.2,2019-04-29 20:03:32,2019-04-29 20:03:02,2019-04-29 20:04:02
ce1b88a7983b03e73811ccc8ea111f6879a89ae04eca20ee8f6a8c1c080917b5,23.63631,37.93988,0.1,2019-04-29 20:03:42,2019-04-29 20:03:12,2019-04-29 20:04:12
11e59aaa59860630711db1173860c9b322292d9da5a3311c469093a8d754c058,23.64153,37.94447,0.8,2019-04-29 20:03:43,2019-04-29 20:03:13,2019-04-29 20:04:13
1d2a32243707b28cb49a7c7806585b884d7f84b30c1a248eda6636f67780f0a4,23.64083,37.94767,0.7,2019-04-29 20:03:46,2019-04-29 20:03:16,2019-04-29 20:04:16
11e59aaa59860630711db1173860c9b322292d9da5a3311c469093a8d754c058,23.64155,37.9445,0.6,2019-04-29 20:03:52,2019-04-29 20:03:22,2019-04-29 20:04:22
1d2a32243707b28cb49a7c7806585b884d7f84b30c1a248eda6636f67780f0a4,23.64089,37.94772,0.6,2019-04-29 20:04:05,2019-04-29 20:03:35,2019-04-29 20:04:35
ce1b88a7983b03e73811ccc8ea111f6879a89ae04eca20ee8f6a8c1c080917b5,23.63631,37.93987,0.1,2019-04-29 20:04:10,2019-04-29 20:03:40,2019-04-29 20:04:40
1d2a32243707b28cb49a7c7806585b884d7f84b30c1a248eda6636f67780f0a4,23.64092,37.94773,0.6,2019-04-29 20:04:15,2019-04-29 20:03:45,2019-04-29 20:04:45
ce1b88a7983b03e73811ccc8ea111f6879a89ae04eca20ee8f6a8c1c080917b5,23.63631,37.93987,0.1,2019-04-29 20:04:21,2019-04-29 20:03:51,2019-04-29 20:04:51
1d2a32243707b28cb49a7c7806585b884d7f84b30c1a248eda6636f67780f0a4,23.64096,37.94774,0.7,2019-04-29 20:04:26,2019-04-29 20:03:56,2019-04-29 20:04:56
ce1b88a7983b03e73811ccc8ea111f6879a89ae04eca20ee8f6a8c1c080917b5,23.6363,37.93987,0.1,2019-04-29 20:04:30,2019-04-29 20:04:00,2019-04-29 20:05:00
1d2a32243707b28cb49a7c7806585b884d7f84b30c1a248eda6636f67780f0a4,23.64099,37.94774,0.6,2019-04-29 20:04:34,2019-04-29 20:04:04,2019-04-29 20:05:04
ce1b88a7983b03e73811ccc8ea111f6879a89ae04eca20ee8f6a8c1c080917b5,23.6363,37.93988,0.2,2019-04-29 20:04:42,2019-04-29 20:04:12,2019-04-29 20:05:12
1d2a32243707b28cb49a7c7806585b884d7f84b30c1a248eda6636f67780f0a4,23.64102,37.94774,0.5,2019-04-29 20:04:46,2019-04-29 20:04:16,2019-04-29 20:05:16
ce1b88a7983b03e73811ccc8ea111f6879a89ae04eca20ee8f6a8c1c080917b5,23.6363,37.93988,0.1,2019-04-29 20:04:51,2019-04-29 20:04:21,2019-04-29 20:05:21
1d2a32243707b28cb49a7c7806585b884d7f84b30c1a248eda6636f67780f0a4,23.64103,37.94774,0.3,2019-04-29 20:04:54,2019-04-29 20:04:24,2019-04-29 20:05:24
1d2a32243707b28cb49a7c7806585b884d7f84b30c1a248eda6636f67780f0a4,23.64104,37.94775,0.2,2019-04-29 20:05:05,2019-04-29 20:04:35,2019-04-29 20:05:35
ce1b88a7983b03e73811ccc8ea111f6879a89ae04eca20ee8f6a8c1c080917b5,23.63629,37.93989,0.1,2019-04-29 20:05:10,2019-04-29 20:04:40,2019-04-29 20:05:40
1d2a32243707b28cb49a7c7806585b884d7f84b30c1a248eda6636f67780f0a4,23.64105,37.94775,0.2,2019-04-29 20:05:15,2019-04-29 20:04:45,2019-04-29 20:05:45
ce1b88a7983b03e73811ccc8ea111f6879a89ae04eca20ee8f6a8c1c080917b5,23.63629,37.93988,0.2,2019-04-29 20:05:21,2019-04-29 20:04:51,2019-04-29 20:05:51
1d2a32243707b28cb49a7c7806585b884d7f84b30c1a248eda6636f67780f0a4,23.64105,37.94776,0.1,2019-04-29 20:05:26,2019-04-29 20:04:56,2019-04-29 20:05:56
ce1b88a7983b03e73811ccc8ea111f6879a89ae04eca20ee8f6a8c1c080917b5,23.6363,37.93988,0.1,2019-04-29 20:06:01,2019-04-29 20:05:31,2019-04-29 20:06:31
ce1b88a7983b03e73811ccc8ea111f6879a89ae04eca20ee8f6a8c1c080917b5,23.6363,37.93988,0.1,2019-04-29 20:06:21,2019-04-29 20:05:51,2019-04-29 20:06:51
1d2a32243707b28cb49a7c7806585b884d7f84b30c1a248eda6636f67780f0a4,23.64105,37.94779,0.1,2019-04-29 20:07:05,2019-04-29 20:06:35,2019-04-29 20:07:35
ce1b88a7983b03e73811ccc8ea111f6879a89ae04eca20ee8f6a8c1c080917b5,23.6363,37.93988,0.1,2019-04-29 20:07:21,2019-04-29 20:06:51,2019-04-29 20:07:51
1d2a32243707b28cb49a7c7806585b884d7f84b30c1a248eda6636f67780f0a4,23.64106,37.94779,0.1,2019-04-29 20:07:35,2019-04-29 20:07:05,2019-04-29 20:08:05
ce1b88a7983b03e73811ccc8ea111f6879a89ae04eca20ee8f6a8c1c080917b5,23.6363,37.93986,0.1,2019-04-29 20:07:42,2019-04-29 20:07:12,2019-04-29 20:08:12
1d2a32243707b28cb49a7c7806585b884d7f84b30c1a248eda6636f67780f0a4,23.64106,37.94779,0.1,2019-04-29 20:08:26,2019-04-29 20:07:56,2019-04-29 20:08:56
1d2a32243707b28cb49a7c7806585b884d7f84b30c1a248eda6636f67780f0a4,23.64106,37.94779,0.1,2019-04-29 20:08:45,2019-04-29 20:08:15,2019-04-29 20:09:15
ce1b88a7983b03e73811ccc8ea111f6879a89ae04eca20ee8f6a8c1c080917b5,23.63629,37.93988,0.1,2019-04-29 20:09:00,2019-04-29 20:08:30,2019-04-29 20:09:30
1d2a32243707b28cb49a7c7806585b884d7f84b30c1a248eda6636f67780f0a4,23.64106,37.94779,0.1,2019-04-29 20:09:05,2019-04-29 20:08:35,2019-04-29 20:09:35
ce1b88a7983b03e73811ccc8ea111f6879a89ae04eca20ee8f6a8c1c080917b5,23.63629,37.93989,0.1,2019-04-29 20:09:21,2019-04-29 20:08:51,2019-04-29 20:09:51
1d2a32243707b28cb49a7c7806585b884d7f84b30c1a248eda6636f67780f0a4,23.64106,37.94779,0.1,2019-04-29 20:09:26,2019-04-29 20:08:56,2019-04-29 20:09:56
1d2a32243707b28cb49a7c7806585b884d7f84b30c1a248eda6636f67780f0a4,23.64106,37.94778,0.1,2019-04-29 20:09:45,2019-04-29 20:09:15,2019-04-29 20:10:15
ce1b88a7983b03e73811ccc8ea111f6879a89ae04eca20ee8f6a8c1c080917b5,23.6363,37.9399,0.1,2019-04-29 20:09:51,2019-04-29 20:09:21,2019-04-29 20:10:21
1d2a32243707b28cb49a7c7806585b884d7f84b30c1a248eda6636f67780f0a4,23.64106,37.94778,0.1,2019-04-29 20:09:55,2019-04-29 20:09:25,2019-04-29 20:10:25
1d2a32243707b28cb49a7c7806585b884d7f84b30c1a248eda6636f67780f0a4,23.64106,37.94778,0.1,2019-04-29 20:10:05,2019-04-29 20:09:35,2019-04-29 20:10:35
1d2a32243707b28cb49a7c7806585b884d7f84b30c1a248eda6636f67780f0a4,23.64106,37.94778,0.1,2019-04-29 20:10:14,2019-04-29 20:09:44,2019-04-29 20:10:44
ce1b88a7983b03e73811ccc8ea111f6879a89ae04eca20ee8f6a8c1c080917b5,23.6363,37.93988,0.1,2019-04-29 20:10:21,2019-04-29 20:09:51,2019-04-29 20:10:51
ce1b88a7983b03e73811ccc8ea111f6879a89ae04eca20ee8f6a8c1c080917b5,23.6363,37.93988,0.1,2019-04-29 20:10:30,2019-04-29 20:10:00,2019-04-29 20:11:00
ce1b88a7983b03e73811ccc8ea111f6879a89ae04eca20ee8f6a8c1c080917b5,23.63627,37.93989,0.1,2019-04-29 20:10:40,2019-04-29 20:10:10,2019-04-29 20:11:10
ce1b88a7983b03e73811ccc8ea111f6879a89ae04eca20ee8f6a8c1c080917b5,23.63625,37.9399,0.1,2019-04-29 20:10:51,2019-04-29 20:10:21,2019-04-29 20:11:21
ce1b88a7983b03e73811ccc8ea111f6879a89ae04eca20ee8f6a8c1c080917b5,23.63627,37.93989,0.1,2019-04-29 20:11:30,2019-04-29 20:11:00,2019-04-29 20:12:00
ce1b88a7983b03e73811ccc8ea111f6879a89ae04eca20ee8f6a8c1c080917b5,23.63628,37.93988,0.1,2019-04-29 20:11:40,2019-04-29 20:11:10,2019-04-29 20:12:10
ce1b88a7983b03e73811ccc8ea111f6879a89ae04eca20ee8f6a8c1c080917b5,23.6363,37.93988,0.1,2019-04-29 20:11:51,2019-04-29 20:11:21,2019-04-29 20:12:21
1d2a32243707b28cb49a7c7806585b884d7f84b30c1a248eda6636f67780f0a4,23.64107,37.94779,0.1,2019-04-29 20:13:05,2019-04-29 20:12:35,2019-04-29 20:13:35
ce1b88a7983b03e73811ccc8ea111f6879a89ae04eca20ee8f6a8c1c080917b5,23.6363,37.93989,0.1,2019-04-29 20:13:10,2019-04-29 20:12:40,2019-04-29 20:13:40
1d2a32243707b28cb49a7c7806585b884d7f84b30c1a248eda6636f67780f0a4,23.64107,37.94779,0.1,2019-04-29 20:13:14,2019-04-29 20:12:44,2019-04-29 20:13:44
1d2a32243707b28cb49a7c7806585b884d7f84b30c1a248eda6636f67780f0a4,23.64107,37.94779,0.1,2019-04-29 20:13:25,2019-04-29 20:12:55,2019-04-29 20:13:55
ce1b88a7983b03e73811ccc8ea111f6879a89ae04eca20ee8f6a8c1c080917b5,23.63629,37.9399,0.1,2019-04-29 20:13:31,2019-04-29 20:13:01,2019-04-29 20:14:01
1d2a32243707b28cb49a7c7806585b884d7f84b30c1a248eda6636f67780f0a4,23.64107,37.94779,0.1,2019-04-29 20:13:34,2019-04-29 20:13:04,2019-04-29 20:14:04
ce1b88a7983b03e73811ccc8ea111f6879a89ae04eca20ee8f6a8c1c080917b5,23.63629,37.93989,0.1,2019-04-29 20:13:40,2019-04-29 20:13:10,2019-04-29 20:14:10
1d2a32243707b28cb49a7c7806585b884d7f84b30c1a248eda6636f67780f0a4,23.64107,37.94779,0.1,2019-04-29 20:13:45,2019-04-29 20:13:15,2019-04-29 20:14:15
9853c62eb450dee1bf42639a61e714abcb743428820cf743ce59e4a058c4a842,23.62407,37.93814,15.7,2019-04-29 20:14:04,2019-04-29 20:13:34,2019-04-29 20:14:34
1d2a32243707b28cb49a7c7806585b884d7f84b30c1a248eda6636f67780f0a4,23.64107,37.94778,0.1,2019-04-29 20:14:05,2019-04-29 20:13:35,2019-04-29 20:14:35
1d2a32243707b28cb49a7c7806585b884d7f84b30c1a248eda6636f67780f0a4,23.64107,37.94778,0.1,2019-04-29 20:14:14,2019-04-29 20:13:44,2019-04-29 20:14:44
9853c62eb450dee1bf42639a61e714abcb743428820cf743ce59e4a058c4a842,23.62588,37.9383,7.8,2019-04-29 20:14:29,2019-04-29 20:13:59,2019-04-29 20:14:59
ce1b88a7983b03e73811ccc8ea111f6879a89ae04eca20ee8f6a8c1c080917b5,23.63629,37.93989,0.1,2019-04-29 20:14:31,2019-04-29 20:14:01,2019-04-29 20:15:01
1d2a32243707b28cb49a7c7806585b884d7f84b30c1a248eda6636f67780f0a4,23.64107,37.94778,0.1,2019-04-29 20:14:34,2019-04-29 20:14:04,2019-04-29 20:15:04
57139e85177dea04c5a366a3c24ca31a613754c1379d3e5cd844995e479ddf07,23.64303,37.94353,2,2019-04-29 20:14:45,2019-04-29 20:14:15,2019-04-29 20:15:15
9853c62eb450dee1bf42639a61e714abcb743428820cf743ce59e4a058c4a842,23.6261,37.93838,0.9,2019-04-29 20:15:00,2019-04-29 20:14:30,2019-04-29 20:15:30
1d2a32243707b28cb49a7c7806585b884d7f84b30c1a248eda6636f67780f0a4,23.64106,37.94779,0.1,2019-04-29 20:15:06,2019-04-29 20:14:36,2019-04-29 20:15:36
57139e85177dea04c5a366a3c24ca31a613754c1379d3e5cd844995e479ddf07,23.64273,37.94337,1.2,2019-04-29 20:15:14,2019-04-29 20:14:44,2019-04-29 20:15:44
1d2a32243707b28cb49a7c7806585b884d7f84b30c1a248eda6636f67780f0a4,23.64107,37.94779,0.1,2019-04-29 20:15:14,2019-04-29 20:14:44,2019-04-29 20:15:44
1d2a32243707b28cb49a7c7806585b884d7f84b30c1a248eda6636f67780f0a4,23.64107,37.94779,0.1,2019-04-29 20:15:25,2019-04-29 20:14:55,2019-04-29 20:15:55
1d2a32243707b28cb49a7c7806585b884d7f84b30c1a248eda6636f67780f0a4,23.64107,37.94779,0.1,2019-04-29 20:15:34,2019-04-29 20:15:04,2019-04-29 20:16:04
1d2a32243707b28cb49a7c7806585b884d7f84b30c1a248eda6636f67780f0a4,23.64106,37.94779,0.1,2019-04-29 20:15:54,2019-04-29 20:15:24,2019-04-29 20:16:24
ce1b88a7983b03e73811ccc8ea111f6879a89ae04eca20ee8f6a8c1c080917b5,23.63628,37.93989,0.1,2019-04-29 20:16:00,2019-04-29 20:15:30,2019-04-29 20:16:30
1d2a32243707b28cb49a7c7806585b884d7f84b30c1a248eda6636f67780f0a4,23.64106,37.94779,0.1,2019-04-29 20:16:06,2019-04-29 20:15:36,2019-04-29 20:16:36
1d2a32243707b28cb49a7c7806585b884d7f84b30c1a248eda6636f67780f0a4,23.64106,37.94778,0.1,2019-04-29 20:16:25,2019-04-29 20:15:55,2019-04-29 20:16:55
57139e85177dea04c5a366a3c24ca31a613754c1379d3e5cd844995e479ddf07,23.64247,37.94347,1.7,2019-04-29 20:16:34,2019-04-29 20:16:04,2019-04-29 20:17:04
1d2a32243707b28cb49a7c7806585b884d7f84b30c1a248eda6636f67780f0a4,23.64105,37.94778,0.1,2019-04-29 20:16:34,2019-04-29 20:16:04,2019-04-29 20:17:04
1d2a32243707b28cb49a7c7806585b884d7f84b30c1a248eda6636f67780f0a4,23.64105,37.94778,0.1,2019-04-29 20:16:45,2019-04-29 20:16:15,2019-04-29 20:17:15
1d2a32243707b28cb49a7c7806585b884d7f84b30c1a248eda6636f67780f0a4,23.64105,37.94778,0.1,2019-04-29 20:16:54,2019-04-29 20:16:24,2019-04-29 20:17:24
57139e85177dea04c5a366a3c24ca31a613754c1379d3e5cd844995e479ddf07,23.64095,37.94355,10.3,2019-04-29 20:17:04,2019-04-29 20:16:34,2019-04-29 20:17:34
1d2a32243707b28cb49a7c7806585b884d7f84b30c1a248eda6636f67780f0a4,23.64105,37.94778,0.1,2019-04-29 20:17:06,2019-04-29 20:16:36,2019-04-29 20:17:36
1d2a32243707b28cb49a7c7806585b884d7f84b30c1a248eda6636f67780f0a4,23.64105,37.94777,0.1,2019-04-29 20:17:14,2019-04-29 20:16:44,2019-04-29 20:17:44
57139e85177dea04c5a366a3c24ca31a613754c1379d3e5cd844995e479ddf07,23.64025,37.94343,10.4,2019-04-29 20:17:16,2019-04-29 20:16:46,2019-04-29 20:17:46
57139e85177dea04c5a366a3c24ca31a613754c1379d3e5cd844995e479ddf07,23.6397,37.94332,10.6,2019-04-29 20:17:25,2019-04-29 20:16:55,2019-04-29 20:17:55
ce1b88a7983b03e73811ccc8ea111f6879a89ae04eca20ee8f6a8c1c080917b5,23.6363,37.9399,0.1,2019-04-29 20:17:31,2019-04-29 20:17:01,2019-04-29 20:18:01
1d2a32243707b28cb49a7c7806585b884d7f84b30c1a248eda6636f67780f0a4,23.64105,37.94777,0.1,2019-04-29 20:17:35,2019-04-29 20:17:05,2019-04-29 20:18:05
57139e85177dea04c5a366a3c24ca31a613754c1379d3e5cd844995e479ddf07,23.63853,37.94298,10.5,2019-04-29 20:17:45,2019-04-29 20:17:15,2019-04-29 20:18:15
1d2a32243707b28cb49a7c7806585b884d7f84b30c1a248eda6636f67780f0a4,23.64104,37.94777,0.1,2019-04-29 20:17:54,2019-04-29 20:17:24,2019-04-29 20:18:24
57139e85177dea04c5a366a3c24ca31a613754c1379d3e5cd844995e479ddf07,23.63798,37.9428,10.6,2019-04-29 20:17:55,2019-04-29 20:17:25,2019-04-29 20:18:25
57139e85177dea04c5a366a3c24ca31a613754c1379d3e5cd844995e479ddf07,23.63748,37.94262,10.4,2019-04-29 20:18:04,2019-04-29 20:17:34,2019-04-29 20:18:34
ce1b88a7983b03e73811ccc8ea111f6879a89ae04eca20ee8f6a8c1c080917b5,23.63634,37.93988,0.1,2019-04-29 20:18:12,2019-04-29 20:17:42,2019-04-29 20:18:42
ce1b88a7983b03e73811ccc8ea111f6879a89ae04eca20ee8f6a8c1c080917b5,23.63633,37.93989,0.1,2019-04-29 20:18:21,2019-04-29 20:17:51,2019-04-29 20:18:51
57139e85177dea04c5a366a3c24ca31a613754c1379d3e5cd844995e479ddf07,23.63637,37.94225,10.5,2019-04-29 20:18:24,2019-04-29 20:17:54,2019-04-29 20:18:54
ce1b88a7983b03e73811ccc8ea111f6879a89ae04eca20ee8f6a8c1c080917b5,23.63633,37.93989,0.1,2019-04-29 20:18:31,2019-04-29 20:18:01,2019-04-29 20:19:01
57139e85177dea04c5a366a3c24ca31a613754c1379d3e5cd844995e479ddf07,23.6358,37.94208,10.6,2019-04-29 20:18:34,2019-04-29 20:18:04,2019-04-29 20:19:04
1d2a32243707b28cb49a7c7806585b884d7f84b30c1a248eda6636f67780f0a4,23.64104,37.94777,0.1,2019-04-29 20:18:35,2019-04-29 20:18:05,2019-04-29 20:19:05
ce1b88a7983b03e73811ccc8ea111f6879a89ae04eca20ee8f6a8c1c080917b5,23.63631,37.93989,0.1,2019-04-29 20:18:41,2019-04-29 20:18:11,2019-04-29 20:19:11
ce1b88a7983b03e73811ccc8ea111f6879a89ae04eca20ee8f6a8c1c080917b5,23.6363,37.9399,0.1,2019-04-29 20:18:50,2019-04-29 20:18:20,2019-04-29 20:19:20
1d2a32243707b28cb49a7c7806585b884d7f84b30c1a248eda6636f67780f0a4,23.64105,37.94777,0.1,2019-04-29 20:18:54,2019-04-29 20:18:24,2019-04-29 20:19:24
57139e85177dea04c5a366a3c24ca31a613754c1379d3e5cd844995e479ddf07,23.63457,37.94173,10.5,2019-04-29 20:18:55,2019-04-29 20:18:25,2019-04-29 20:19:25
ce1b88a7983b03e73811ccc8ea111f6879a89ae04eca20ee8f6a8c1c080917b5,23.63629,37.9399,0.1,2019-04-29 20:19:00,2019-04-29 20:18:30,2019-04-29 20:19:30
1d2a32243707b28cb49a7c7806585b884d7f84b30c1a248eda6636f67780f0a4,23.64105,37.94777,0.1,2019-04-29 20:19:05,2019-04-29 20:18:35,2019-04-29 20:19:35
1d2a32243707b28cb49a7c7806585b884d7f84b30c1a248eda6636f67780f0a4,23.64105,37.94777,0.1,2019-04-29 20:19:14,2019-04-29 20:18:44,2019-04-29 20:19:44
1d2a32243707b28cb49a7c7806585b884d7f84b30c1a248eda6636f67780f0a4,23.64105,37.94777,0.1,2019-04-29 20:19:35,2019-04-29 20:19:05,2019-04-29 20:20:05
1d2a32243707b28cb49a7c7806585b884d7f84b30c1a248eda6636f67780f0a4,23.64105,37.94777,0.1,2019-04-29 20:19:45,2019-04-29 20:19:15,2019-04-29 20:20:15
57139e85177dea04c5a366a3c24ca31a613754c1379d3e5cd844995e479ddf07,23.63158,37.94107,10.6,2019-04-29 20:19:45,2019-04-29 20:19:15,2019-04-29 20:20:15
ce1b88a7983b03e73811ccc8ea111f6879a89ae04eca20ee8f6a8c1c080917b5,23.63627,37.93991,0.1,2019-04-29 20:19:50,2019-04-29 20:19:20,2019-04-29 20:20:20
57139e85177dea04c5a366a3c24ca31a613754c1379d3e5cd844995e479ddf07,23.63098,37.94093,10.6,2019-04-29 20:19:55,2019-04-29 20:19:25,2019-04-29 20:20:25
ce1b88a7983b03e73811ccc8ea111f6879a89ae04eca20ee8f6a8c1c080917b5,23.63633,37.93989,0.1,2019-04-29 20:20:20,2019-04-29 20:19:50,2019-04-29 20:20:50
57139e85177dea04c5a366a3c24ca31a613754c1379d3e5cd844995e479ddf07,23.62927,37.9406,10.4,2019-04-29 20:20:24,2019-04-29 20:19:54,2019-04-29 20:20:54
57139e85177dea04c5a366a3c24ca31a613754c1379d3e5cd844995e479ddf07,23.62803,37.94028,10.5,2019-04-29 20:20:45,2019-04-29 20:20:15,2019-04-29 20:21:15
b8ed6fea5f97d4829a0d7e692adfcc0d1967309e64f6d20c9bfa54a24bedf5c3,23.63945,37.94228,0.1,2019-04-29 20:20:57,2019-04-29 20:20:27,2019-04-29 20:21:27
57139e85177dea04c5a366a3c24ca31a613754c1379d3e5cd844995e479ddf07,23.62693,37.93995,10.6,2019-04-29 20:21:04,2019-04-29 20:20:34,2019-04-29 20:21:34
57139e85177dea04c5a366a3c24ca31a613754c1379d3e5cd844995e479ddf07,23.62628,37.93975,10.6,2019-04-29 20:21:15,2019-04-29 20:20:45,2019-04-29 20:21:45
57139e85177dea04c5a366a3c24ca31a613754c1379d3e5cd844995e479ddf07,23.62578,37.93958,10.6,2019-04-29 20:21:24,2019-04-29 20:20:54,2019-04-29 20:21:54
ce1b88a7983b03e73811ccc8ea111f6879a89ae04eca20ee8f6a8c1c080917b5,23.63631,37.93988,0.1,2019-04-29 20:21:41,2019-04-29 20:21:11,2019-04-29 20:22:11
57139e85177dea04c5a366a3c24ca31a613754c1379d3e5cd844995e479ddf07,23.62457,37.93917,10.6,2019-04-29 20:21:45,2019-04-29 20:21:15,2019-04-29 20:22:15
ce1b88a7983b03e73811ccc8ea111f6879a89ae04eca20ee8f6a8c1c080917b5,23.6363,37.93988,0.1,2019-04-29 20:21:51,2019-04-29 20:21:21,2019-04-29 20:22:21
57139e85177dea04c5a366a3c24ca31a613754c1379d3e5cd844995e479ddf07,23.62398,37.93898,10.8,2019-04-29 20:21:55,2019-04-29 20:21:25,2019-04-29 20:22:25
ce1b88a7983b03e73811ccc8ea111f6879a89ae04eca20ee8f6a8c1c080917b5,23.6363,37.93988,0.1,2019-04-29 20:22:00,2019-04-29 20:21:30,2019-04-29 20:22:30
57139e85177dea04c5a366a3c24ca31a613754c1379d3e5cd844995e479ddf07,23.62342,37.9388,12.2,2019-04-29 20:22:04,2019-04-29 20:21:34,2019-04-29 20:22:34
57139e85177dea04c5a366a3c24ca31a613754c1379d3e5cd844995e479ddf07,23.62262,37.93855,13.6,2019-04-29 20:22:15,2019-04-29 20:21:45,2019-04-29 20:22:45
ce1b88a7983b03e73811ccc8ea111f6879a89ae04eca20ee8f6a8c1c080917b5,23.6363,37.93988,0.1,2019-04-29 20:22:20,2019-04-29 20:21:50,2019-04-29 20:22:50
57139e85177dea04c5a366a3c24ca31a613754c1379d3e5cd844995e479ddf07,23.62195,37.93835,13.8,2019-04-29 20:22:24,2019-04-29 20:21:54,2019-04-29 20:22:54
f6bc7f1c524e9ddb5ebee6ea1012f54502556638891b604dcd17ee19cf4e2b4f,23.62375,37.93827,12.4,2019-04-29 20:22:50,2019-04-29 20:22:20,2019-04-29 20:23:20
ce1b88a7983b03e73811ccc8ea111f6879a89ae04eca20ee8f6a8c1c080917b5,23.63632,37.93988,0.1,2019-04-29 20:23:32,2019-04-29 20:23:02,2019-04-29 20:24:02
bfca0e846b6d35f8fde7611da7ff55835ba71a7eda53d3a3a6797947c9f70d8c,23.63327,37.94114,10.1,2019-04-29 20:40:57,2019-04-29 20:40:27,2019-04-29 20:41:27
5de00399a2fdba5f2eb761a622a79a73af9d4058d51e6b16077c9c38969fb2de,23.62938,37.94008,10.2,2019-04-29 20:41:02,2019-04-29 20:40:32,2019-04-29 20:41:32
bfca0e846b6d35f8fde7611da7ff55835ba71a7eda53d3a3a6797947c9f70d8c,23.6338,37.94129,10.1,2019-04-29 20:41:07,2019-04-29 20:40:37,2019-04-29 20:41:37
5de00399a2fdba5f2eb761a622a79a73af9d4058d51e6b16077c9c38969fb2de,23.62988,37.94023,10.1,2019-04-29 20:41:11,2019-04-29 20:40:41,2019-04-29 20:41:41
bfca0e846b6d35f8fde7611da7ff55835ba71a7eda53d3a3a6797947c9f70d8c,23.63437,37.94145,10.1,2019-04-29 20:41:17,2019-04-29 20:40:47,2019-04-29 20:41:47
5de00399a2fdba5f2eb761a622a79a73af9d4058d51e6b16077c9c38969fb2de,23.63045,37.94038,10.2,2019-04-29 20:41:21,2019-04-29 20:40:51,2019-04-29 20:41:51
bfca0e846b6d35f8fde7611da7ff55835ba71a7eda53d3a3a6797947c9f70d8c,23.63499,37.94162,10.1,2019-04-29 20:41:27,2019-04-29 20:40:57,2019-04-29 20:41:57
5de00399a2fdba5f2eb761a622a79a73af9d4058d51e6b16077c9c38969fb2de,23.63102,37.94053,10.1,2019-04-29 20:41:31,2019-04-29 20:41:01,2019-04-29 20:42:01
bfca0e846b6d35f8fde7611da7ff55835ba71a7eda53d3a3a6797947c9f70d8c,23.63546,37.94178,10.1,2019-04-29 20:41:37,2019-04-29 20:41:07,2019-04-29 20:42:07
5de00399a2fdba5f2eb761a622a79a73af9d4058d51e6b16077c9c38969fb2de,23.63158,37.94068,10,2019-04-29 20:41:42,2019-04-29 20:41:12,2019-04-29 20:42:12
bfca0e846b6d35f8fde7611da7ff55835ba71a7eda53d3a3a6797947c9f70d8c,23.63601,37.94197,10.1,2019-04-29 20:41:47,2019-04-29 20:41:17,2019-04-29 20:42:17
5de00399a2fdba5f2eb761a622a79a73af9d4058d51e6b16077c9c38969fb2de,23.6322,37.94085,10,2019-04-29 20:41:52,2019-04-29 20:41:22,2019-04-29 20:42:22
f6bc7f1c524e9ddb5ebee6ea1012f54502556638891b604dcd17ee19cf4e2b4f,23.63997,37.94212,0.1,2019-04-29 20:41:56,2019-04-29 20:41:26,2019-04-29 20:42:26
bfca0e846b6d35f8fde7611da7ff55835ba71a7eda53d3a3a6797947c9f70d8c,23.6366,37.9422,10.1,2019-04-29 20:41:57,2019-04-29 20:41:27,2019-04-29 20:42:27
5de00399a2fdba5f2eb761a622a79a73af9d4058d51e6b16077c9c38969fb2de,23.63268,37.941,9.9,2019-04-29 20:42:02,2019-04-29 20:41:32,2019-04-29 20:42:32
bfca0e846b6d35f8fde7611da7ff55835ba71a7eda53d3a3a6797947c9f70d8c,23.63706,37.94238,10.1,2019-04-29 20:42:07,2019-04-29 20:41:37,2019-04-29 20:42:37
5de00399a2fdba5f2eb761a622a79a73af9d4058d51e6b16077c9c38969fb2de,23.63323,37.94118,10,2019-04-29 20:42:11,2019-04-29 20:41:41,2019-04-29 20:42:41
5de00399a2fdba5f2eb761a622a79a73af9d4058d51e6b16077c9c38969fb2de,23.6336,37.94133,10,2019-04-29 20:42:18,2019-04-29 20:41:48,2019-04-29 20:42:48
5de00399a2fdba5f2eb761a622a79a73af9d4058d51e6b16077c9c38969fb2de,23.63387,37.94145,10,2019-04-29 20:42:24,2019-04-29 20:41:54,2019-04-29 20:42:54
bfca0e846b6d35f8fde7611da7ff55835ba71a7eda53d3a3a6797947c9f70d8c,23.63818,37.94285,10.2,2019-04-29 20:42:27,2019-04-29 20:41:57,2019-04-29 20:42:57
ce1b88a7983b03e73811ccc8ea111f6879a89ae04eca20ee8f6a8c1c080917b5,23.6363,37.93987,0.1,2019-04-29 20:42:31,2019-04-29 20:42:01,2019-04-29 20:43:01
5de00399a2fdba5f2eb761a622a79a73af9d4058d51e6b16077c9c38969fb2de,23.63427,37.94163,10,2019-04-29 20:42:32,2019-04-29 20:42:02,2019-04-29 20:43:02
5de00399a2fdba5f2eb761a622a79a73af9d4058d51e6b16077c9c38969fb2de,23.63445,37.94175,10.2,2019-04-29 20:42:35,2019-04-29 20:42:05,2019-04-29 20:43:05
bfca0e846b6d35f8fde7611da7ff55835ba71a7eda53d3a3a6797947c9f70d8c,23.63868,37.94306,10.1,2019-04-29 20:42:37,2019-04-29 20:42:07,2019-04-29 20:43:07
5de00399a2fdba5f2eb761a622a79a73af9d4058d51e6b16077c9c38969fb2de,23.6348,37.94193,10.1,2019-04-29 20:42:42,2019-04-29 20:42:12,2019-04-29 20:43:12
bfca0e846b6d35f8fde7611da7ff55835ba71a7eda53d3a3a6797947c9f70d8c,23.63915,37.94325,9.4,2019-04-29 20:42:47,2019-04-29 20:42:17,2019-04-29 20:43:17
5de00399a2fdba5f2eb761a622a79a73af9d4058d51e6b16077c9c38969fb2de,23.63508,37.9421,10.2,2019-04-29 20:42:48,2019-04-29 20:42:18,2019-04-29 20:43:18
ce1b88a7983b03e73811ccc8ea111f6879a89ae04eca20ee8f6a8c1c080917b5,23.63631,37.93987,0.1,2019-04-29 20:42:51,2019-04-29 20:42:21,2019-04-29 20:43:21
5de00399a2fdba5f2eb761a622a79a73af9d4058d51e6b16077c9c38969fb2de,23.63523,37.94217,10.3,2019-04-29 20:42:52,2019-04-29 20:42:22,2019-04-29 20:43:22
5de00399a2fdba5f2eb761a622a79a73af9d4058d51e6b16077c9c38969fb2de,23.63543,37.94228,10.2,2019-04-29 20:42:55,2019-04-29 20:42:25,2019-04-29 20:43:25
bfca0e846b6d35f8fde7611da7ff55835ba71a7eda53d3a3a6797947c9f70d8c,23.63962,37.94344,8.6,2019-04-29 20:42:57,2019-04-29 20:42:27,2019-04-29 20:43:27
5de00399a2fdba5f2eb761a622a79a73af9d4058d51e6b16077c9c38969fb2de,23.63572,37.94243,9.7,2019-04-29 20:43:02,2019-04-29 20:42:32,2019-04-29 20:43:32
bfca0e846b6d35f8fde7611da7ff55835ba71a7eda53d3a3a6797947c9f70d8c,23.64003,37.94364,8,2019-04-29 20:43:07,2019-04-29 20:42:37,2019-04-29 20:43:37
bfca0e846b6d35f8fde7611da7ff55835ba71a7eda53d3a3a6797947c9f70d8c,23.64015,37.94372,7.7,2019-04-29 20:43:10,2019-04-29 20:42:40,2019-04-29 20:43:40
5de00399a2fdba5f2eb761a622a79a73af9d4058d51e6b16077c9c38969fb2de,23.63617,37.94268,9,2019-04-29 20:43:11,2019-04-29 20:42:41,2019-04-29 20:43:41
bfca0e846b6d35f8fde7611da7ff55835ba71a7eda53d3a3a6797947c9f70d8c,23.64026,37.94377,7.2,2019-04-29 20:43:13,2019-04-29 20:42:43,2019-04-29 20:43:43
b8ed6fea5f97d4829a0d7e692adfcc0d1967309e64f6d20c9bfa54a24bedf5c3,23.63996,37.94263,0.1,2019-04-29 20:43:16,2019-04-29 20:42:46,2019-04-29 20:43:46
bfca0e846b6d35f8fde7611da7ff55835ba71a7eda53d3a3a6797947c9f70d8c,23.64038,37.94384,6.8,2019-04-29 20:43:17,2019-04-29 20:42:47,2019-04-29 20:43:47
bfca0e846b6d35f8fde7611da7ff55835ba71a7eda53d3a3a6797947c9f70d8c,23.64047,37.94389,6.2,2019-04-29 20:43:20,2019-04-29 20:42:50,2019-04-29 20:43:50
ce1b88a7983b03e73811ccc8ea111f6879a89ae04eca20ee8f6a8c1c080917b5,23.6363,37.93986,0.1,2019-04-29 20:43:21,2019-04-29 20:42:51,2019-04-29 20:43:51
5de00399a2fdba5f2eb761a622a79a73af9d4058d51e6b16077c9c38969fb2de,23.63658,37.9429,8.5,2019-04-29 20:43:21,2019-04-29 20:42:51,2019-04-29 20:43:51
bfca0e846b6d35f8fde7611da7ff55835ba71a7eda53d3a3a6797947c9f70d8c,23.64053,37.94393,5.8,2019-04-29 20:43:23,2019-04-29 20:42:53,2019-04-29 20:43:53
bfca0e846b6d35f8fde7611da7ff55835ba71a7eda53d3a3a6797947c9f70d8c,23.64064,37.94401,5.5,2019-04-29 20:43:27,2019-04-29 20:42:57,2019-04-29 20:43:57
bfca0e846b6d35f8fde7611da7ff55835ba71a7eda53d3a3a6797947c9f70d8c,23.64069,37.94405,5.3,2019-04-29 20:43:30,2019-04-29 20:43:00,2019-04-29 20:44:00
5de00399a2fdba5f2eb761a622a79a73af9d4058d51e6b16077c9c38969fb2de,23.63698,37.94313,7.5,2019-04-29 20:43:32,2019-04-29 20:43:02,2019-04-29 20:44:02
bfca0e846b6d35f8fde7611da7ff55835ba71a7eda53d3a3a6797947c9f70d8c,23.64077,37.9441,5.2,2019-04-29 20:43:33,2019-04-29 20:43:03,2019-04-29 20:44:03
bfca0e846b6d35f8fde7611da7ff55835ba71a7eda53d3a3a6797947c9f70d8c,23.64084,37.94415,5,2019-04-29 20:43:37,2019-04-29 20:43:07,2019-04-29 20:44:07
bfca0e846b6d35f8fde7611da7ff55835ba71a7eda53d3a3a6797947c9f70d8c,23.64091,37.94421,4.8,2019-04-29 20:43:40,2019-04-29 20:43:10,2019-04-29 20:44:10
5de00399a2fdba5f2eb761a622a79a73af9d4058d51e6b16077c9c38969fb2de,23.6373,37.94328,6.9,2019-04-29 20:43:42,2019-04-29 20:43:12,2019-04-29 20:44:12
bfca0e846b6d35f8fde7611da7ff55835ba71a7eda53d3a3a6797947c9f70d8c,23.64097,37.94426,4.6,2019-04-29 20:43:43,2019-04-29 20:43:13,2019-04-29 20:44:13
bfca0e846b6d35f8fde7611da7ff55835ba71a7eda53d3a3a6797947c9f70d8c,23.64104,37.94432,4.4,2019-04-29 20:43:47,2019-04-29 20:43:17,2019-04-29 20:44:17
bfca0e846b6d35f8fde7611da7ff55835ba71a7eda53d3a3a6797947c9f70d8c,23.64109,37.94436,4.3,2019-04-29 20:43:50,2019-04-29 20:43:20,2019-04-29 20:44:20
5de00399a2fdba5f2eb761a622a79a73af9d4058d51e6b16077c9c38969fb2de,23.63763,37.94345,6.3,2019-04-29 20:43:52,2019-04-29 20:43:22,2019-04-29 20:44:22
bfca0e846b6d35f8fde7611da7ff55835ba71a7eda53d3a3a6797947c9f70d8c,23.64114,37.94441,4.2,2019-04-29 20:43:53,2019-04-29 20:43:23,2019-04-29 20:44:23
bfca0e846b6d35f8fde7611da7ff55835ba71a7eda53d3a3a6797947c9f70d8c,23.6412,37.94447,4.2,2019-04-29 20:43:57,2019-04-29 20:43:27,2019-04-29 20:44:27
bfca0e846b6d35f8fde7611da7ff55835ba71a7eda53d3a3a6797947c9f70d8c,23.64123,37.94449,4.2,2019-04-29 20:44:00,2019-04-29 20:43:30,2019-04-29 20:44:30
5de00399a2fdba5f2eb761a622a79a73af9d4058d51e6b16077c9c38969fb2de,23.63797,37.9436,5.9,2019-04-29 20:44:02,2019-04-29 20:43:32,2019-04-29 20:44:32
bfca0e846b6d35f8fde7611da7ff55835ba71a7eda53d3a3a6797947c9f70d8c,23.64129,37.94455,4.2,2019-04-29 20:44:04,2019-04-29 20:43:34,2019-04-29 20:44:34
bfca0e846b6d35f8fde7611da7ff55835ba71a7eda53d3a3a6797947c9f70d8c,23.64134,37.9446,4.1,2019-04-29 20:44:07,2019-04-29 20:43:37,2019-04-29 20:44:37
ce1b88a7983b03e73811ccc8ea111f6879a89ae04eca20ee8f6a8c1c080917b5,23.6363,37.93986,0.1,2019-04-29 20:44:11,2019-04-29 20:43:41,2019-04-29 20:44:41
bfca0e846b6d35f8fde7611da7ff55835ba71a7eda53d3a3a6797947c9f70d8c,23.64148,37.94475,3.5,2019-04-29 20:44:17,2019-04-29 20:43:47,2019-04-29 20:44:47
5de00399a2fdba5f2eb761a622a79a73af9d4058d51e6b16077c9c38969fb2de,23.6386,37.94383,5.9,2019-04-29 20:44:21,2019-04-29 20:43:51,2019-04-29 20:44:51
ce1b88a7983b03e73811ccc8ea111f6879a89ae04eca20ee8f6a8c1c080917b5,23.6363,37.93986,0.1,2019-04-29 20:44:31,2019-04-29 20:44:01,2019-04-29 20:45:01
5de00399a2fdba5f2eb761a622a79a73af9d4058d51e6b16077c9c38969fb2de,23.63893,37.94395,5.9,2019-04-29 20:44:32,2019-04-29 20:44:02,2019-04-29 20:45:02
5de00399a2fdba5f2eb761a622a79a73af9d4058d51e6b16077c9c38969fb2de,23.63903,37.94397,5.9,2019-04-29 20:44:35,2019-04-29 20:44:05,2019-04-29 20:45:05
bfca0e846b6d35f8fde7611da7ff55835ba71a7eda53d3a3a6797947c9f70d8c,23.64163,37.94494,1.7,2019-04-29 20:44:37,2019-04-29 20:44:07,2019-04-29 20:45:07
f6bc7f1c524e9ddb5ebee6ea1012f54502556638891b604dcd17ee19cf4e2b4f,23.63997,37.94212,0.1,2019-04-29 20:44:37,2019-04-29 20:44:07,2019-04-29 20:45:07
5de00399a2fdba5f2eb761a622a79a73af9d4058d51e6b16077c9c38969fb2de,23.6391,37.94398,6.1,2019-04-29 20:44:38,2019-04-29 20:44:08,2019-04-29 20:45:08
5de00399a2fdba5f2eb761a622a79a73af9d4058d51e6b16077c9c38969fb2de,23.63925,37.944,6.2,2019-04-29 20:44:41,2019-04-29 20:44:11,2019-04-29 20:45:11
5de00399a2fdba5f2eb761a622a79a73af9d4058d51e6b16077c9c38969fb2de,23.63938,37.94402,6,2019-04-29 20:44:45,2019-04-29 20:44:15,2019-04-29 20:45:15
bfca0e846b6d35f8fde7611da7ff55835ba71a7eda53d3a3a6797947c9f70d8c,23.64169,37.94499,1.3,2019-04-29 20:44:47,2019-04-29 20:44:17,2019-04-29 20:45:17
5de00399a2fdba5f2eb761a622a79a73af9d4058d51e6b16077c9c38969fb2de,23.63945,37.94402,6.1,2019-04-29 20:44:48,2019-04-29 20:44:18,2019-04-29 20:45:18
5de00399a2fdba5f2eb761a622a79a73af9d4058d51e6b16077c9c38969fb2de,23.63962,37.94403,5.6,2019-04-29 20:44:52,2019-04-29 20:44:22,2019-04-29 20:45:22
5de00399a2fdba5f2eb761a622a79a73af9d4058d51e6b16077c9c38969fb2de,23.63965,37.94403,5.5,2019-04-29 20:44:54,2019-04-29 20:44:24,2019-04-29 20:45:24
1d2a32243707b28cb49a7c7806585b884d7f84b30c1a248eda6636f67780f0a4,23.64103,37.94779,0.1,2019-04-29 20:44:55,2019-04-29 20:44:25,2019-04-29 20:45:25
bfca0e846b6d35f8fde7611da7ff55835ba71a7eda53d3a3a6797947c9f70d8c,23.64172,37.94502,1.1,2019-04-29 20:44:57,2019-04-29 20:44:27,2019-04-29 20:45:27
5de00399a2fdba5f2eb761a622a79a73af9d4058d51e6b16077c9c38969fb2de,23.63978,37.94403,4.9,2019-04-29 20:44:58,2019-04-29 20:44:28,2019-04-29 20:45:28
5de00399a2fdba5f2eb761a622a79a73af9d4058d51e6b16077c9c38969fb2de,23.63988,37.94403,4.4,2019-04-29 20:45:02,2019-04-29 20:44:32,2019-04-29 20:45:32
5de00399a2fdba5f2eb761a622a79a73af9d4058d51e6b16077c9c38969fb2de,23.63993,37.94402,4.2,2019-04-29 20:45:04,2019-04-29 20:44:34,2019-04-29 20:45:34
1d2a32243707b28cb49a7c7806585b884d7f84b30c1a248eda6636f67780f0a4,23.64104,37.94779,0.1,2019-04-29 20:45:04,2019-04-29 20:44:34,2019-04-29 20:45:34
bfca0e846b6d35f8fde7611da7ff55835ba71a7eda53d3a3a6797947c9f70d8c,23.64175,37.94505,0.9,2019-04-29 20:45:07,2019-04-29 20:44:37,2019-04-29 20:45:37
5de00399a2fdba5f2eb761a622a79a73af9d4058d51e6b16077c9c38969fb2de,23.64003,37.944,3.9,2019-04-29 20:45:07,2019-04-29 20:44:37,2019-04-29 20:45:37
5de00399a2fdba5f2eb761a622a79a73af9d4058d51e6b16077c9c38969fb2de,23.64012,37.94398,3.3,2019-04-29 20:45:12,2019-04-29 20:44:42,2019-04-29 20:45:42
5de00399a2fdba5f2eb761a622a79a73af9d4058d51e6b16077c9c38969fb2de,23.64015,37.94398,3,2019-04-29 20:45:14,2019-04-29 20:44:44,2019-04-29 20:45:44
5de00399a2fdba5f2eb761a622a79a73af9d4058d51e6b16077c9c38969fb2de,23.64022,37.94397,2.7,2019-04-29 20:45:18,2019-04-29 20:44:48,2019-04-29 20:45:48
5de00399a2fdba5f2eb761a622a79a73af9d4058d51e6b16077c9c38969fb2de,23.6403,37.94393,2.3,2019-04-29 20:45:24,2019-04-29 20:44:54,2019-04-29 20:45:54
5de00399a2fdba5f2eb761a622a79a73af9d4058d51e6b16077c9c38969fb2de,23.64035,37.94392,2.1,2019-04-29 20:45:28,2019-04-29 20:44:58,2019-04-29 20:45:58
5de00399a2fdba5f2eb761a622a79a73af9d4058d51e6b16077c9c38969fb2de,23.64038,37.94388,1.7,2019-04-29 20:45:32,2019-04-29 20:45:02,2019-04-29 20:46:02
5de00399a2fdba5f2eb761a622a79a73af9d4058d51e6b16077c9c38969fb2de,23.64038,37.94388,1.6,2019-04-29 20:45:34,2019-04-29 20:45:04,2019-04-29 20:46:04
5de00399a2fdba5f2eb761a622a79a73af9d4058d51e6b16077c9c38969fb2de,23.6404,37.94387,1.3,2019-04-29 20:45:38,2019-04-29 20:45:08,2019-04-29 20:46:08
ce1b88a7983b03e73811ccc8ea111f6879a89ae04eca20ee8f6a8c1c080917b5,23.6363,37.93985,0.1,2019-04-29 20:45:40,2019-04-29 20:45:10,2019-04-29 20:46:10
5de00399a2fdba5f2eb761a622a79a73af9d4058d51e6b16077c9c38969fb2de,23.64042,37.94385,1.1,2019-04-29 20:45:41,2019-04-29 20:45:11,2019-04-29 20:46:11
ce1b88a7983b03e73811ccc8ea111f6879a89ae04eca20ee8f6a8c1c080917b5,23.63631,37.93985,0.1,2019-04-29 20:45:50,2019-04-29 20:45:20,2019-04-29 20:46:20
5de00399a2fdba5f2eb761a622a79a73af9d4058d51e6b16077c9c38969fb2de,23.64045,37.94382,0.6,2019-04-29 20:45:54,2019-04-29 20:45:24,2019-04-29 20:46:24
5de00399a2fdba5f2eb761a622a79a73af9d4058d51e6b16077c9c38969fb2de,23.64045,37.9438,0.8,2019-04-29 20:45:58,2019-04-29 20:45:28,2019-04-29 20:46:28
5de00399a2fdba5f2eb761a622a79a73af9d4058d51e6b16077c9c38969fb2de,23.64045,37.94378,0.7,2019-04-29 20:46:04,2019-04-29 20:45:34,2019-04-29 20:46:34
5de00399a2fdba5f2eb761a622a79a73af9d4058d51e6b16077c9c38969fb2de,23.64045,37.94377,0.8,2019-04-29 20:46:08,2019-04-29 20:45:38,2019-04-29 20:46:38
ce1b88a7983b03e73811ccc8ea111f6879a89ae04eca20ee8f6a8c1c080917b5,23.63631,37.93985,0.1,2019-04-29 20:46:11,2019-04-29 20:45:41,2019-04-29 20:46:41
5de00399a2fdba5f2eb761a622a79a73af9d4058d51e6b16077c9c38969fb2de,23.64045,37.94375,0.8,2019-04-29 20:46:12,2019-04-29 20:45:42,2019-04-29 20:46:42
5de00399a2fdba5f2eb761a622a79a73af9d4058d51e6b16077c9c38969fb2de,23.64045,37.94372,0.9,2019-04-29 20:46:18,2019-04-29 20:45:48,2019-04-29 20:46:48
ce1b88a7983b03e73811ccc8ea111f6879a89ae04eca20ee8f6a8c1c080917b5,23.63631,37.93985,0.1,2019-04-29 20:46:21,2019-04-29 20:45:51,2019-04-29 20:46:51
5de00399a2fdba5f2eb761a622a79a73af9d4058d51e6b16077c9c38969fb2de,23.64043,37.94368,1.1,2019-04-29 20:46:25,2019-04-29 20:45:55,2019-04-29 20:46:55
ce1b88a7983b03e73811ccc8ea111f6879a89ae04eca20ee8f6a8c1c080917b5,23.63631,37.93985,0.1,2019-04-29 20:46:31,2019-04-29 20:46:01,2019-04-29 20:47:01
5de00399a2fdba5f2eb761a622a79a73af9d4058d51e6b16077c9c38969fb2de,23.64042,37.94365,0.9,2019-04-29 20:46:32,2019-04-29 20:46:02,2019-04-29 20:47:02
5de00399a2fdba5f2eb761a622a79a73af9d4058d51e6b16077c9c38969fb2de,23.64042,37.94363,1,2019-04-29 20:46:34,2019-04-29 20:46:04,2019-04-29 20:47:04
5de00399a2fdba5f2eb761a622a79a73af9d4058d51e6b16077c9c38969fb2de,23.6404,37.94363,0.6,2019-04-29 20:46:38,2019-04-29 20:46:08,2019-04-29 20:47:08
5de00399a2fdba5f2eb761a622a79a73af9d4058d51e6b16077c9c38969fb2de,23.64038,37.94362,0.5,2019-04-29 20:46:41,2019-04-29 20:46:11,2019-04-29 20:47:11
5de00399a2fdba5f2eb761a622a79a73af9d4058d51e6b16077c9c38969fb2de,23.64038,37.94362,0.4,2019-04-29 20:46:44,2019-04-29 20:46:14,2019-04-29 20:47:14
ce1b88a7983b03e73811ccc8ea111f6879a89ae04eca20ee8f6a8c1c080917b5,23.6363,37.93986,0.1,2019-04-29 20:46:50,2019-04-29 20:46:20,2019-04-29 20:47:20
5de00399a2fdba5f2eb761a622a79a73af9d4058d51e6b16077c9c38969fb2de,23.64037,37.94362,0.3,2019-04-29 20:46:52,2019-04-29 20:46:22,2019-04-29 20:47:22
5de00399a2fdba5f2eb761a622a79a73af9d4058d51e6b16077c9c38969fb2de,23.64035,37.94362,0.5,2019-04-29 20:46:55,2019-04-29 20:46:25,2019-04-29 20:47:25
5de00399a2fdba5f2eb761a622a79a73af9d4058d51e6b16077c9c38969fb2de,23.64035,37.94363,0.6,2019-04-29 20:46:58,2019-04-29 20:46:28,2019-04-29 20:47:28
5de00399a2fdba5f2eb761a622a79a73af9d4058d51e6b16077c9c38969fb2de,23.64035,37.94363,0.7,2019-04-29 20:47:02,2019-04-29 20:46:32,2019-04-29 20:47:32
5de00399a2fdba5f2eb761a622a79a73af9d4058d51e6b16077c9c38969fb2de,23.64037,37.94365,1,2019-04-29 20:47:05,2019-04-29 20:46:35,2019-04-29 20:47:35
5de00399a2fdba5f2eb761a622a79a73af9d4058d51e6b16077c9c38969fb2de,23.64035,37.94367,1.2,2019-04-29 20:47:08,2019-04-29 20:46:38,2019-04-29 20:47:38
ce1b88a7983b03e73811ccc8ea111f6879a89ae04eca20ee8f6a8c1c080917b5,23.63628,37.93985,0.1,2019-04-29 20:47:11,2019-04-29 20:46:41,2019-04-29 20:47:41
5de00399a2fdba5f2eb761a622a79a73af9d4058d51e6b16077c9c38969fb2de,23.64037,37.9437,1.4,2019-04-29 20:47:12,2019-04-29 20:46:42,2019-04-29 20:47:42
5de00399a2fdba5f2eb761a622a79a73af9d4058d51e6b16077c9c38969fb2de,23.64037,37.94372,1.5,2019-04-29 20:47:15,2019-04-29 20:46:45,2019-04-29 20:47:45
5de00399a2fdba5f2eb761a622a79a73af9d4058d51e6b16077c9c38969fb2de,23.64042,37.94382,2.1,2019-04-29 20:47:25,2019-04-29 20:46:55,2019-04-29 20:47:55
5de00399a2fdba5f2eb761a622a79a73af9d4058d51e6b16077c9c38969fb2de,23.64042,37.94385,2.2,2019-04-29 20:47:28,2019-04-29 20:46:58,2019-04-29 20:47:58
ce1b88a7983b03e73811ccc8ea111f6879a89ae04eca20ee8f6a8c1c080917b5,23.63627,37.93985,0.1,2019-04-29 20:47:31,2019-04-29 20:47:01,2019-04-29 20:48:01
5de00399a2fdba5f2eb761a622a79a73af9d4058d51e6b16077c9c38969fb2de,23.64045,37.94388,2.3,2019-04-29 20:47:32,2019-04-29 20:47:02,2019-04-29 20:48:02
5de00399a2fdba5f2eb761a622a79a73af9d4058d51e6b16077c9c38969fb2de,23.64045,37.9439,2.5,2019-04-29 20:47:34,2019-04-29 20:47:04,2019-04-29 20:48:04
5de00399a2fdba5f2eb761a622a79a73af9d4058d51e6b16077c9c38969fb2de,23.64047,37.94393,2.4,2019-04-29 20:47:38,2019-04-29 20:47:08,2019-04-29 20:48:08
5de00399a2fdba5f2eb761a622a79a73af9d4058d51e6b16077c9c38969fb2de,23.6405,37.94398,2.3,2019-04-29 20:47:41,2019-04-29 20:47:11,2019-04-29 20:48:11
5de00399a2fdba5f2eb761a622a79a73af9d4058d51e6b16077c9c38969fb2de,23.64055,37.94407,2.2,2019-04-29 20:47:52,2019-04-29 20:47:22,2019-04-29 20:48:22
ce1b88a7983b03e73811ccc8ea111f6879a89ae04eca20ee8f6a8c1c080917b5,23.63629,37.93985,0.1,2019-04-29 20:48:01,2019-04-29 20:47:31,2019-04-29 20:48:31
5de00399a2fdba5f2eb761a622a79a73af9d4058d51e6b16077c9c38969fb2de,23.64062,37.94417,2.1,2019-04-29 20:48:02,2019-04-29 20:47:32,2019-04-29 20:48:32
5de00399a2fdba5f2eb761a622a79a73af9d4058d51e6b16077c9c38969fb2de,23.64067,37.94427,2.3,2019-04-29 20:48:12,2019-04-29 20:47:42,2019-04-29 20:48:42
5de00399a2fdba5f2eb761a622a79a73af9d4058d51e6b16077c9c38969fb2de,23.64072,37.94437,2.2,2019-04-29 20:48:21,2019-04-29 20:47:51,2019-04-29 20:48:51
5de00399a2fdba5f2eb761a622a79a73af9d4058d51e6b16077c9c38969fb2de,23.64083,37.94458,0.9,2019-04-29 20:48:51,2019-04-29 20:48:21,2019-04-29 20:49:21
5de00399a2fdba5f2eb761a622a79a73af9d4058d51e6b16077c9c38969fb2de,23.64087,37.94462,0.8,2019-04-29 20:49:01,2019-04-29 20:48:31,2019-04-29 20:49:31
5de00399a2fdba5f2eb761a622a79a73af9d4058d51e6b16077c9c38969fb2de,23.6409,37.94467,1.1,2019-04-29 20:49:12,2019-04-29 20:48:42,2019-04-29 20:49:42
5de00399a2fdba5f2eb761a622a79a73af9d4058d51e6b16077c9c38969fb2de,23.64092,37.94472,1.2,2019-04-29 20:49:21,2019-04-29 20:48:51,2019-04-29 20:49:51
ce1b88a7983b03e73811ccc8ea111f6879a89ae04eca20ee8f6a8c1c080917b5,23.6363,37.93986,0.1,2019-04-29 20:49:22,2019-04-29 20:48:52,2019-04-29 20:49:52
ce1b88a7983b03e73811ccc8ea111f6879a89ae04eca20ee8f6a8c1c080917b5,23.6363,37.93986,0.1,2019-04-29 20:49:31,2019-04-29 20:49:01,2019-04-29 20:50:01
5de00399a2fdba5f2eb761a622a79a73af9d4058d51e6b16077c9c38969fb2de,23.64095,37.94475,1,2019-04-29 20:49:32,2019-04-29 20:49:02,2019-04-29 20:50:02
5de00399a2fdba5f2eb761a622a79a73af9d4058d51e6b16077c9c38969fb2de,23.64097,37.94478,0.8,2019-04-29 20:49:41,2019-04-29 20:49:11,2019-04-29 20:50:11
5de00399a2fdba5f2eb761a622a79a73af9d4058d51e6b16077c9c38969fb2de,23.64098,37.94483,0.8,2019-04-29 20:49:51,2019-04-29 20:49:21,2019-04-29 20:50:21
5de00399a2fdba5f2eb761a622a79a73af9d4058d51e6b16077c9c38969fb2de,23.641,37.94487,0.7,2019-04-29 20:50:01,2019-04-29 20:49:31,2019-04-29 20:50:31
5de00399a2fdba5f2eb761a622a79a73af9d4058d51e6b16077c9c38969fb2de,23.641,37.94488,0.4,2019-04-29 20:50:12,2019-04-29 20:49:42,2019-04-29 20:50:42
5de00399a2fdba5f2eb761a622a79a73af9d4058d51e6b16077c9c38969fb2de,23.64102,37.9449,0.4,2019-04-29 20:50:21,2019-04-29 20:49:51,2019-04-29 20:50:51
5de00399a2fdba5f2eb761a622a79a73af9d4058d51e6b16077c9c38969fb2de,23.641,37.94492,0.1,2019-04-29 20:50:32,2019-04-29 20:50:02,2019-04-29 20:51:02
5de00399a2fdba5f2eb761a622a79a73af9d4058d51e6b16077c9c38969fb2de,23.64102,37.94492,0.2,2019-04-29 20:50:41,2019-04-29 20:50:11,2019-04-29 20:51:11
5de00399a2fdba5f2eb761a622a79a73af9d4058d51e6b16077c9c38969fb2de,23.64105,37.9449,0.1,2019-04-29 20:50:51,2019-04-29 20:50:21,2019-04-29 20:51:21
5de00399a2fdba5f2eb761a622a79a73af9d4058d51e6b16077c9c38969fb2de,23.64103,37.9449,0.2,2019-04-29 20:51:01,2019-04-29 20:50:31,2019-04-29 20:51:31
5ba4836f5f81948f3cd56034b22750861943cc65d311f250b8072c528736ea26,23.63733,37.94733,0.2,2019-04-29 20:51:16,2019-04-29 20:50:46,2019-04-29 20:51:46
ce1b88a7983b03e73811ccc8ea111f6879a89ae04eca20ee8f6a8c1c080917b5,23.6363,37.93987,0.1,2019-04-29 20:51:41,2019-04-29 20:51:11,2019-04-29 20:52:11
b6ce45e37aff96757b2a87fd26dc99a7ec30482321646863e08061e01c3a6c6a,23.64202,37.94302,0.1,2019-04-29 20:52:08,2019-04-29 20:51:38,2019-04-29 20:52:38
b6ce45e37aff96757b2a87fd26dc99a7ec30482321646863e08061e01c3a6c6a,23.64202,37.94302,0.1,2019-04-29 20:52:17,2019-04-29 20:51:47,2019-04-29 20:52:47
ce1b88a7983b03e73811ccc8ea111f6879a89ae04eca20ee8f6a8c1c080917b5,23.63629,37.93987,0.1,2019-04-29 20:53:31,2019-04-29 20:53:01,2019-04-29 20:54:01
ce1b88a7983b03e73811ccc8ea111f6879a89ae04eca20ee8f6a8c1c080917b5,23.63627,37.93988,0.1,2019-04-29 20:54:01,2019-04-29 20:53:31,2019-04-29 20:54:31
ce1b88a7983b03e73811ccc8ea111f6879a89ae04eca20ee8f6a8c1c080917b5,23.63629,37.93988,0.1,2019-04-29 20:54:11,2019-04-29 20:53:41,2019-04-29 20:54:41
5ba4836f5f81948f3cd56034b22750861943cc65d311f250b8072c528736ea26,23.63733,37.94733,0.1,2019-04-29 20:54:17,2019-04-29 20:53:47,2019-04-29 20:54:47
ce1b88a7983b03e73811ccc8ea111f6879a89ae04eca20ee8f6a8c1c080917b5,23.63627,37.93987,0.1,2019-04-29 20:54:22,2019-04-29 20:53:52,2019-04-29 20:54:52
ce1b88a7983b03e73811ccc8ea111f6879a89ae04eca20ee8f6a8c1c080917b5,23.63626,37.93988,0.1,2019-04-29 20:55:22,2019-04-29 20:54:52,2019-04-29 20:55:52
ce1b88a7983b03e73811ccc8ea111f6879a89ae04eca20ee8f6a8c1c080917b5,23.63626,37.93988,0.1,2019-04-29 20:55:41,2019-04-29 20:55:11,2019-04-29 20:56:11
ce1b88a7983b03e73811ccc8ea111f6879a89ae04eca20ee8f6a8c1c080917b5,23.63626,37.93987,0.1,2019-04-29 20:55:50,2019-04-29 20:55:20,2019-04-29 20:56:20
ce1b88a7983b03e73811ccc8ea111f6879a89ae04eca20ee8f6a8c1c080917b5,23.63626,37.93987,0.1,2019-04-29 20:56:11,2019-04-29 20:55:41,2019-04-29 20:56:41
ce1b88a7983b03e73811ccc8ea111f6879a89ae04eca20ee8f6a8c1c080917b5,23.63625,37.93988,0.2,2019-04-29 20:56:22,2019-04-29 20:55:52,2019-04-29 20:56:52
ce1b88a7983b03e73811ccc8ea111f6879a89ae04eca20ee8f6a8c1c080917b5,23.63626,37.93987,0.2,2019-04-29 20:56:31,2019-04-29 20:56:01,2019-04-29 20:57:01
ce1b88a7983b03e73811ccc8ea111f6879a89ae04eca20ee8f6a8c1c080917b5,23.63619,37.93992,1.9,2019-04-29 20:56:50,2019-04-29 20:56:20,2019-04-29 20:57:20
ce1b88a7983b03e73811ccc8ea111f6879a89ae04eca20ee8f6a8c1c080917b5,23.63609,37.94,2.4,2019-04-29 20:57:01,2019-04-29 20:56:31,2019-04-29 20:57:31
ce1b88a7983b03e73811ccc8ea111f6879a89ae04eca20ee8f6a8c1c080917b5,23.63584,37.94016,1.4,2019-04-29 20:57:31,2019-04-29 20:57:01,2019-04-29 20:58:01
ce1b88a7983b03e73811ccc8ea111f6879a89ae04eca20ee8f6a8c1c080917b5,23.63578,37.94021,1.3,2019-04-29 20:57:41,2019-04-29 20:57:11,2019-04-29 20:58:11
ce1b88a7983b03e73811ccc8ea111f6879a89ae04eca20ee8f6a8c1c080917b5,23.63574,37.94025,1,2019-04-29 20:57:50,2019-04-29 20:57:20,2019-04-29 20:58:20
ce1b88a7983b03e73811ccc8ea111f6879a89ae04eca20ee8f6a8c1c080917b5,23.63571,37.94028,0.9,2019-04-29 20:58:01,2019-04-29 20:57:31,2019-04-29 20:58:31
ce1b88a7983b03e73811ccc8ea111f6879a89ae04eca20ee8f6a8c1c080917b5,23.63561,37.94025,2.6,2019-04-29 20:58:11,2019-04-29 20:57:41,2019-04-29 20:58:41
ce1b88a7983b03e73811ccc8ea111f6879a89ae04eca20ee8f6a8c1c080917b5,23.63526,37.94009,3.6,2019-04-29 20:58:31,2019-04-29 20:58:01,2019-04-29 20:59:01
ce1b88a7983b03e73811ccc8ea111f6879a89ae04eca20ee8f6a8c1c080917b5,23.63494,37.93994,2.7,2019-04-29 20:58:50,2019-04-29 20:58:20,2019-04-29 20:59:20
ce1b88a7983b03e73811ccc8ea111f6879a89ae04eca20ee8f6a8c1c080917b5,23.63482,37.93988,2.3,2019-04-29 20:59:01,2019-04-29 20:58:31,2019-04-29 20:59:31
ce1b88a7983b03e73811ccc8ea111f6879a89ae04eca20ee8f6a8c1c080917b5,23.63476,37.93982,1.4,2019-04-29 20:59:11,2019-04-29 20:58:41,2019-04-29 20:59:41
ce1b88a7983b03e73811ccc8ea111f6879a89ae04eca20ee8f6a8c1c080917b5,23.63468,37.93981,1.3,2019-04-29 20:59:21,2019-04-29 20:58:51,2019-04-29 20:59:51
ce1b88a7983b03e73811ccc8ea111f6879a89ae04eca20ee8f6a8c1c080917b5,23.63459,37.93977,0.7,2019-04-29 20:59:41,2019-04-29 20:59:11,2019-04-29 21:00:11
ce1b88a7983b03e73811ccc8ea111f6879a89ae04eca20ee8f6a8c1c080917b5,23.63455,37.93977,0.3,2019-04-29 20:59:50,2019-04-29 20:59:20,2019-04-29 21:00:20
f6bc7f1c524e9ddb5ebee6ea1012f54502556638891b604dcd17ee19cf4e2b4f,23.63067,37.94053,11.9,2019-04-29 20:24:35,2019-04-29 20:24:05,2019-04-29 20:25:05
ce1b88a7983b03e73811ccc8ea111f6879a89ae04eca20ee8f6a8c1c080917b5,23.63632,37.93986,0.1,2019-04-29 20:25:32,2019-04-29 20:25:02,2019-04-29 20:26:02
ce1b88a7983b03e73811ccc8ea111f6879a89ae04eca20ee8f6a8c1c080917b5,23.63631,37.93986,0.1,2019-04-29 20:25:10,2019-04-29 20:24:40,2019-04-29 20:25:40
ce1b88a7983b03e73811ccc8ea111f6879a89ae04eca20ee8f6a8c1c080917b5,23.63632,37.93986,0.1,2019-04-29 20:25:51,2019-04-29 20:25:21,2019-04-29 20:26:21
f6bc7f1c524e9ddb5ebee6ea1012f54502556638891b604dcd17ee19cf4e2b4f,23.63558,37.94088,9.8,2019-04-29 20:25:55,2019-04-29 20:25:25,2019-04-29 20:26:25
11e59aaa59860630711db1173860c9b322292d9da5a3311c469093a8d754c058,23.64134,37.94443,3.4,2019-04-29 20:25:58,2019-04-29 20:25:28,2019-04-29 20:26:28
ce1b88a7983b03e73811ccc8ea111f6879a89ae04eca20ee8f6a8c1c080917b5,23.63632,37.93986,0.1,2019-04-29 20:26:00,2019-04-29 20:25:30,2019-04-29 20:26:30
5ba4836f5f81948f3cd56034b22750861943cc65d311f250b8072c528736ea26,23.63733,37.94733,0.1,2019-04-29 20:24:17,2019-04-29 20:23:47,2019-04-29 20:24:47
f6bc7f1c524e9ddb5ebee6ea1012f54502556638891b604dcd17ee19cf4e2b4f,23.63667,37.94092,8.7,2019-04-29 20:26:17,2019-04-29 20:25:47,2019-04-29 20:26:47
11e59aaa59860630711db1173860c9b322292d9da5a3311c469093a8d754c058,23.64042,37.94401,7.2,2019-04-29 20:26:30,2019-04-29 20:26:00,2019-04-29 20:27:00
f6bc7f1c524e9ddb5ebee6ea1012f54502556638891b604dcd17ee19cf4e2b4f,23.63748,37.9411,7.7,2019-04-29 20:26:37,2019-04-29 20:26:07,2019-04-29 20:27:07
11e59aaa59860630711db1173860c9b322292d9da5a3311c469093a8d754c058,23.64008,37.94393,7.8,2019-04-29 20:26:38,2019-04-29 20:26:08,2019-04-29 20:27:08
f6bc7f1c524e9ddb5ebee6ea1012f54502556638891b604dcd17ee19cf4e2b4f,23.63837,37.9422,1.7,2019-04-29 20:28:03,2019-04-29 20:27:33,2019-04-29 20:28:33
ce1b88a7983b03e73811ccc8ea111f6879a89ae04eca20ee8f6a8c1c080917b5,23.63635,37.93985,0.1,2019-04-29 20:26:41,2019-04-29 20:26:11,2019-04-29 20:27:11
f6bc7f1c524e9ddb5ebee6ea1012f54502556638891b604dcd17ee19cf4e2b4f,23.6377,37.94117,7.3,2019-04-29 20:26:43,2019-04-29 20:26:13,2019-04-29 20:27:13
11e59aaa59860630711db1173860c9b322292d9da5a3311c469093a8d754c058,23.63961,37.94386,8.4,2019-04-29 20:26:48,2019-04-29 20:26:18,2019-04-29 20:27:18
f6bc7f1c524e9ddb5ebee6ea1012f54502556638891b604dcd17ee19cf4e2b4f,23.6379,37.94127,6.8,2019-04-29 20:26:50,2019-04-29 20:26:20,2019-04-29 20:27:20
f6bc7f1c524e9ddb5ebee6ea1012f54502556638891b604dcd17ee19cf4e2b4f,23.63803,37.94135,6.4,2019-04-29 20:26:55,2019-04-29 20:26:25,2019-04-29 20:27:25
11e59aaa59860630711db1173860c9b322292d9da5a3311c469093a8d754c058,23.64114,37.94431,4.9,2019-04-29 20:26:08,2019-04-29 20:25:38,2019-04-29 20:26:38
11e59aaa59860630711db1173860c9b322292d9da5a3311c469093a8d754c058,23.63699,37.94345,9.3,2019-04-29 20:27:38,2019-04-29 20:27:08,2019-04-29 20:28:08
11e59aaa59860630711db1173860c9b322292d9da5a3311c469093a8d754c058,23.6357,37.94262,9.7,2019-04-29 20:28:08,2019-04-29 20:27:38,2019-04-29 20:28:38
f6bc7f1c524e9ddb5ebee6ea1012f54502556638891b604dcd17ee19cf4e2b4f,23.63848,37.94207,2.9,2019-04-29 20:27:43,2019-04-29 20:27:13,2019-04-29 20:28:13
11e59aaa59860630711db1173860c9b322292d9da5a3311c469093a8d754c058,23.63911,37.94382,8.8,2019-04-29 20:26:58,2019-04-29 20:26:28,2019-04-29 20:27:28
f6bc7f1c524e9ddb5ebee6ea1012f54502556638891b604dcd17ee19cf4e2b4f,23.63833,37.94222,1.4,2019-04-29 20:28:10,2019-04-29 20:27:40,2019-04-29 20:28:40
f6bc7f1c524e9ddb5ebee6ea1012f54502556638891b604dcd17ee19cf4e2b4f,23.63843,37.94213,2.4,2019-04-29 20:27:50,2019-04-29 20:27:20,2019-04-29 20:28:20
f6bc7f1c524e9ddb5ebee6ea1012f54502556638891b604dcd17ee19cf4e2b4f,23.63827,37.94223,0.9,2019-04-29 20:28:23,2019-04-29 20:27:53,2019-04-29 20:28:53
f6bc7f1c524e9ddb5ebee6ea1012f54502556638891b604dcd17ee19cf4e2b4f,23.63842,37.94217,2.1,2019-04-29 20:27:55,2019-04-29 20:27:25,2019-04-29 20:28:25
11e59aaa59860630711db1173860c9b322292d9da5a3311c469093a8d754c058,23.63858,37.94378,9.2,2019-04-29 20:27:08,2019-04-29 20:26:38,2019-04-29 20:27:38
f6bc7f1c524e9ddb5ebee6ea1012f54502556638891b604dcd17ee19cf4e2b4f,23.63832,37.94158,5.4,2019-04-29 20:27:09,2019-04-29 20:26:39,2019-04-29 20:27:39
f6bc7f1c524e9ddb5ebee6ea1012f54502556638891b604dcd17ee19cf4e2b4f,23.63823,37.94222,0.8,2019-04-29 20:28:30,2019-04-29 20:28:00,2019-04-29 20:29:00
11e59aaa59860630711db1173860c9b322292d9da5a3311c469093a8d754c058,23.6348,37.94189,10.1,2019-04-29 20:28:30,2019-04-29 20:28:00,2019-04-29 20:29:00
f6bc7f1c524e9ddb5ebee6ea1012f54502556638891b604dcd17ee19cf4e2b4f,23.63818,37.94215,0.5,2019-04-29 20:28:55,2019-04-29 20:28:25,2019-04-29 20:29:25
f6bc7f1c524e9ddb5ebee6ea1012f54502556638891b604dcd17ee19cf4e2b4f,23.6382,37.9422,0.6,2019-04-29 20:28:37,2019-04-29 20:28:07,2019-04-29 20:29:07
11e59aaa59860630711db1173860c9b322292d9da5a3311c469093a8d754c058,23.63803,37.94373,9.5,2019-04-29 20:27:18,2019-04-29 20:26:48,2019-04-29 20:27:48
11e59aaa59860630711db1173860c9b322292d9da5a3311c469093a8d754c058,23.63797,37.94372,9.5,2019-04-29 20:27:19,2019-04-29 20:26:49,2019-04-29 20:27:49
5ba4836f5f81948f3cd56034b22750861943cc65d311f250b8072c528736ea26,23.63733,37.94733,0.1,2019-04-29 20:27:19,2019-04-29 20:26:49,2019-04-29 20:27:49
f6bc7f1c524e9ddb5ebee6ea1012f54502556638891b604dcd17ee19cf4e2b4f,23.63848,37.94182,4.5,2019-04-29 20:27:23,2019-04-29 20:26:53,2019-04-29 20:27:53
11e59aaa59860630711db1173860c9b322292d9da5a3311c469093a8d754c058,23.63349,37.94111,9.9,2019-04-29 20:28:58,2019-04-29 20:28:28,2019-04-29 20:29:28
1d2a32243707b28cb49a7c7806585b884d7f84b30c1a248eda6636f67780f0a4,23.64106,37.94777,0.1,2019-04-29 20:27:25,2019-04-29 20:26:55,2019-04-29 20:27:55
f6bc7f1c524e9ddb5ebee6ea1012f54502556638891b604dcd17ee19cf4e2b4f,23.6382,37.94218,0.5,2019-04-29 20:28:43,2019-04-29 20:28:13,2019-04-29 20:29:13
f6bc7f1c524e9ddb5ebee6ea1012f54502556638891b604dcd17ee19cf4e2b4f,23.6382,37.94212,0.5,2019-04-29 20:29:03,2019-04-29 20:28:33,2019-04-29 20:29:33
1d2a32243707b28cb49a7c7806585b884d7f84b30c1a248eda6636f67780f0a4,23.64105,37.94777,0.1,2019-04-29 20:28:44,2019-04-29 20:28:14,2019-04-29 20:29:14
11e59aaa59860630711db1173860c9b322292d9da5a3311c469093a8d754c058,23.63399,37.94135,10,2019-04-29 20:28:48,2019-04-29 20:28:18,2019-04-29 20:29:18
11e59aaa59860630711db1173860c9b322292d9da5a3311c469093a8d754c058,23.63738,37.94359,9.4,2019-04-29 20:27:30,2019-04-29 20:27:00,2019-04-29 20:28:00
11e59aaa59860630711db1173860c9b322292d9da5a3311c469093a8d754c058,23.63296,37.94092,9.7,2019-04-29 20:29:08,2019-04-29 20:28:38,2019-04-29 20:29:38
ce1b88a7983b03e73811ccc8ea111f6879a89ae04eca20ee8f6a8c1c080917b5,23.63633,37.93984,0.1,2019-04-29 20:29:10,2019-04-29 20:28:40,2019-04-29 20:29:40
11e59aaa59860630711db1173860c9b322292d9da5a3311c469093a8d754c058,23.63242,37.94078,9.8,2019-04-29 20:29:18,2019-04-29 20:28:48,2019-04-29 20:29:48
1d2a32243707b28cb49a7c7806585b884d7f84b30c1a248eda6636f67780f0a4,23.64105,37.94776,0.1,2019-04-29 20:29:25,2019-04-29 20:28:55,2019-04-29 20:29:55
f6bc7f1c524e9ddb5ebee6ea1012f54502556638891b604dcd17ee19cf4e2b4f,23.63983,37.9421,3.5,2019-04-29 20:30:17,2019-04-29 20:29:47,2019-04-29 20:30:47
f6bc7f1c524e9ddb5ebee6ea1012f54502556638891b604dcd17ee19cf4e2b4f,23.63863,37.94203,2.7,2019-04-29 20:29:30,2019-04-29 20:29:00,2019-04-29 20:30:00
11e59aaa59860630711db1173860c9b322292d9da5a3311c469093a8d754c058,23.63174,37.94065,9.9,2019-04-29 20:29:30,2019-04-29 20:29:00,2019-04-29 20:30:00
f6bc7f1c524e9ddb5ebee6ea1012f54502556638891b604dcd17ee19cf4e2b4f,23.63883,37.94203,3.3,2019-04-29 20:29:37,2019-04-29 20:29:07,2019-04-29 20:30:07
11e59aaa59860630711db1173860c9b322292d9da5a3311c469093a8d754c058,23.63128,37.94058,10,2019-04-29 20:29:38,2019-04-29 20:29:08,2019-04-29 20:30:08
11e59aaa59860630711db1173860c9b322292d9da5a3311c469093a8d754c058,23.63071,37.94048,10.1,2019-04-29 20:29:48,2019-04-29 20:29:18,2019-04-29 20:30:18
f6bc7f1c524e9ddb5ebee6ea1012f54502556638891b604dcd17ee19cf4e2b4f,23.63937,37.94207,4.3,2019-04-29 20:29:55,2019-04-29 20:29:25,2019-04-29 20:30:25
11e59aaa59860630711db1173860c9b322292d9da5a3311c469093a8d754c058,23.63012,37.94038,10.1,2019-04-29 20:29:58,2019-04-29 20:29:28,2019-04-29 20:30:28
11e59aaa59860630711db1173860c9b322292d9da5a3311c469093a8d754c058,23.62879,37.94014,10.2,2019-04-29 20:30:21,2019-04-29 20:29:51,2019-04-29 20:30:51
1d2a32243707b28cb49a7c7806585b884d7f84b30c1a248eda6636f67780f0a4,23.64106,37.94776,0.1,2019-04-29 20:30:05,2019-04-29 20:29:35,2019-04-29 20:30:35
ce1b88a7983b03e73811ccc8ea111f6879a89ae04eca20ee8f6a8c1c080917b5,23.63631,37.93984,0.1,2019-04-29 20:30:10,2019-04-29 20:29:40,2019-04-29 20:30:40
f6bc7f1c524e9ddb5ebee6ea1012f54502556638891b604dcd17ee19cf4e2b4f,23.63902,37.94205,3.9,2019-04-29 20:29:43,2019-04-29 20:29:13,2019-04-29 20:30:13
1d2a32243707b28cb49a7c7806585b884d7f84b30c1a248eda6636f67780f0a4,23.64106,37.94776,0.1,2019-04-29 20:30:25,2019-04-29 20:29:55,2019-04-29 20:30:55
11e59aaa59860630711db1173860c9b322292d9da5a3311c469093a8d754c058,23.62826,37.94002,10.3,2019-04-29 20:30:30,2019-04-29 20:30:00,2019-04-29 20:31:00
11e59aaa59860630711db1173860c9b322292d9da5a3311c469093a8d754c058,23.6244,37.93886,10.4,2019-04-29 20:31:38,2019-04-29 20:31:08,2019-04-29 20:32:08
f6bc7f1c524e9ddb5ebee6ea1012f54502556638891b604dcd17ee19cf4e2b4f,23.63997,37.94212,1.8,2019-04-29 20:30:37,2019-04-29 20:30:07,2019-04-29 20:31:07
1d2a32243707b28cb49a7c7806585b884d7f84b30c1a248eda6636f67780f0a4,23.64106,37.94776,0.1,2019-04-29 20:30:44,2019-04-29 20:30:14,2019-04-29 20:31:14
11e59aaa59860630711db1173860c9b322292d9da5a3311c469093a8d754c058,23.62723,37.93974,10.3,2019-04-29 20:30:48,2019-04-29 20:30:18,2019-04-29 20:31:18
1d2a32243707b28cb49a7c7806585b884d7f84b30c1a248eda6636f67780f0a4,23.64106,37.94777,0.1,2019-04-29 20:30:54,2019-04-29 20:30:24,2019-04-29 20:31:24
11e59aaa59860630711db1173860c9b322292d9da5a3311c469093a8d754c058,23.6261,37.9394,10.3,2019-04-29 20:31:09,2019-04-29 20:30:39,2019-04-29 20:31:39
f6bc7f1c524e9ddb5ebee6ea1012f54502556638891b604dcd17ee19cf4e2b4f,23.63995,37.94212,0.1,2019-04-29 20:31:17,2019-04-29 20:30:47,2019-04-29 20:31:47
11e59aaa59860630711db1173860c9b322292d9da5a3311c469093a8d754c058,23.62553,37.93922,10.3,2019-04-29 20:31:19,2019-04-29 20:30:49,2019-04-29 20:31:49
ce1b88a7983b03e73811ccc8ea111f6879a89ae04eca20ee8f6a8c1c080917b5,23.63631,37.93985,0.1,2019-04-29 20:31:40,2019-04-29 20:31:10,2019-04-29 20:32:10
f6bc7f1c524e9ddb5ebee6ea1012f54502556638891b604dcd17ee19cf4e2b4f,23.63995,37.9421,0.6,2019-04-29 20:30:55,2019-04-29 20:30:25,2019-04-29 20:31:25
1d2a32243707b28cb49a7c7806585b884d7f84b30c1a248eda6636f67780f0a4,23.64105,37.94777,0.1,2019-04-29 20:31:44,2019-04-29 20:31:14,2019-04-29 20:32:14
11e59aaa59860630711db1173860c9b322292d9da5a3311c469093a8d754c058,23.62666,37.93957,10.4,2019-04-29 20:30:58,2019-04-29 20:30:28,2019-04-29 20:31:28
ce1b88a7983b03e73811ccc8ea111f6879a89ae04eca20ee8f6a8c1c080917b5,23.63631,37.93986,0.1,2019-04-29 20:31:00,2019-04-29 20:30:30,2019-04-29 20:31:30
11e59aaa59860630711db1173860c9b322292d9da5a3311c469093a8d754c058,23.62383,37.93868,10.4,2019-04-29 20:31:48,2019-04-29 20:31:18,2019-04-29 20:32:18
11e59aaa59860630711db1173860c9b322292d9da5a3311c469093a8d754c058,23.62485,37.93901,10.4,2019-04-29 20:31:30,2019-04-29 20:31:00,2019-04-29 20:32:00
1d2a32243707b28cb49a7c7806585b884d7f84b30c1a248eda6636f67780f0a4,23.64105,37.94778,0.1,2019-04-29 20:32:25,2019-04-29 20:31:55,2019-04-29 20:32:55
5ba4836f5f81948f3cd56034b22750861943cc65d311f250b8072c528736ea26,23.63733,37.94733,0.1,2019-04-29 20:33:17,2019-04-29 20:32:47,2019-04-29 20:33:47
1eee5599ef5de5c07df6698ab4d4a6e6bbe4a2be25208864a8876cf6050452ad,23.62212,37.93738,29.7,2019-04-29 20:32:34,2019-04-29 20:32:04,2019-04-29 20:33:04
1eee5599ef5de5c07df6698ab4d4a6e6bbe4a2be25208864a8876cf6050452ad,23.62239,37.93746,28.2,2019-04-29 20:32:36,2019-04-29 20:32:06,2019-04-29 20:33:06
1eee5599ef5de5c07df6698ab4d4a6e6bbe4a2be25208864a8876cf6050452ad,23.62483,37.93835,12,2019-04-29 20:33:08,2019-04-29 20:32:38,2019-04-29 20:33:38
1eee5599ef5de5c07df6698ab4d4a6e6bbe4a2be25208864a8876cf6050452ad,23.62496,37.93839,11.8,2019-04-29 20:33:10,2019-04-29 20:32:40,2019-04-29 20:33:40
ce1b88a7983b03e73811ccc8ea111f6879a89ae04eca20ee8f6a8c1c080917b5,23.63632,37.93985,0.1,2019-04-29 20:33:10,2019-04-29 20:32:40,2019-04-29 20:33:40
1eee5599ef5de5c07df6698ab4d4a6e6bbe4a2be25208864a8876cf6050452ad,23.62508,37.93843,11.7,2019-04-29 20:33:12,2019-04-29 20:32:42,2019-04-29 20:33:42
1eee5599ef5de5c07df6698ab4d4a6e6bbe4a2be25208864a8876cf6050452ad,23.62526,37.9385,11.4,2019-04-29 20:33:16,2019-04-29 20:32:46,2019-04-29 20:33:46
f6bc7f1c524e9ddb5ebee6ea1012f54502556638891b604dcd17ee19cf4e2b4f,23.63993,37.9421,0.1,2019-04-29 20:32:17,2019-04-29 20:31:47,2019-04-29 20:32:47
11e59aaa59860630711db1173860c9b322292d9da5a3311c469093a8d754c058,23.62209,37.93814,10.8,2019-04-29 20:32:19,2019-04-29 20:31:49,2019-04-29 20:32:49
1eee5599ef5de5c07df6698ab4d4a6e6bbe4a2be25208864a8876cf6050452ad,23.62273,37.93757,24.8,2019-04-29 20:32:39,2019-04-29 20:32:09,2019-04-29 20:33:09
1eee5599ef5de5c07df6698ab4d4a6e6bbe4a2be25208864a8876cf6050452ad,23.62303,37.93767,23,2019-04-29 20:32:42,2019-04-29 20:32:12,2019-04-29 20:33:12
1eee5599ef5de5c07df6698ab4d4a6e6bbe4a2be25208864a8876cf6050452ad,23.62329,37.93776,19.6,2019-04-29 20:32:45,2019-04-29 20:32:15,2019-04-29 20:33:15
1eee5599ef5de5c07df6698ab4d4a6e6bbe4a2be25208864a8876cf6050452ad,23.62352,37.93785,18.2,2019-04-29 20:32:48,2019-04-29 20:32:18,2019-04-29 20:33:18
1eee5599ef5de5c07df6698ab4d4a6e6bbe4a2be25208864a8876cf6050452ad,23.62359,37.93788,16.9,2019-04-29 20:32:50,2019-04-29 20:32:20,2019-04-29 20:33:20
1eee5599ef5de5c07df6698ab4d4a6e6bbe4a2be25208864a8876cf6050452ad,23.62406,37.93808,14.2,2019-04-29 20:32:56,2019-04-29 20:32:26,2019-04-29 20:33:26
1eee5599ef5de5c07df6698ab4d4a6e6bbe4a2be25208864a8876cf6050452ad,23.62439,37.93819,12.9,2019-04-29 20:33:01,2019-04-29 20:32:31,2019-04-29 20:33:31
1eee5599ef5de5c07df6698ab4d4a6e6bbe4a2be25208864a8876cf6050452ad,23.62458,37.93826,12.6,2019-04-29 20:33:04,2019-04-29 20:32:34,2019-04-29 20:33:34
1d2a32243707b28cb49a7c7806585b884d7f84b30c1a248eda6636f67780f0a4,23.64104,37.94778,0.1,2019-04-29 20:33:05,2019-04-29 20:32:35,2019-04-29 20:33:35
1eee5599ef5de5c07df6698ab4d4a6e6bbe4a2be25208864a8876cf6050452ad,23.62465,37.93828,12.3,2019-04-29 20:33:05,2019-04-29 20:32:35,2019-04-29 20:33:35
1eee5599ef5de5c07df6698ab4d4a6e6bbe4a2be25208864a8876cf6050452ad,23.62555,37.9386,11.2,2019-04-29 20:33:20,2019-04-29 20:32:50,2019-04-29 20:33:50
1eee5599ef5de5c07df6698ab4d4a6e6bbe4a2be25208864a8876cf6050452ad,23.62567,37.93864,11.1,2019-04-29 20:33:22,2019-04-29 20:32:52,2019-04-29 20:33:52
1d2a32243707b28cb49a7c7806585b884d7f84b30c1a248eda6636f67780f0a4,23.64104,37.94778,0.1,2019-04-29 20:33:24,2019-04-29 20:32:54,2019-04-29 20:33:54
1eee5599ef5de5c07df6698ab4d4a6e6bbe4a2be25208864a8876cf6050452ad,23.62614,37.93879,10.8,2019-04-29 20:33:30,2019-04-29 20:33:00,2019-04-29 20:34:00
ce1b88a7983b03e73811ccc8ea111f6879a89ae04eca20ee8f6a8c1c080917b5,23.63632,37.93984,0.1,2019-04-29 20:33:30,2019-04-29 20:33:00,2019-04-29 20:34:00
1eee5599ef5de5c07df6698ab4d4a6e6bbe4a2be25208864a8876cf6050452ad,23.6259,37.93872,10.9,2019-04-29 20:33:26,2019-04-29 20:32:56,2019-04-29 20:33:56
1eee5599ef5de5c07df6698ab4d4a6e6bbe4a2be25208864a8876cf6050452ad,23.62637,37.93887,10.8,2019-04-29 20:33:34,2019-04-29 20:33:04,2019-04-29 20:34:04
1eee5599ef5de5c07df6698ab4d4a6e6bbe4a2be25208864a8876cf6050452ad,23.62602,37.93875,10.9,2019-04-29 20:33:28,2019-04-29 20:32:58,2019-04-29 20:33:58
1eee5599ef5de5c07df6698ab4d4a6e6bbe4a2be25208864a8876cf6050452ad,23.62849,37.93948,10.6,2019-04-29 20:34:10,2019-04-29 20:33:40,2019-04-29 20:34:40
1eee5599ef5de5c07df6698ab4d4a6e6bbe4a2be25208864a8876cf6050452ad,23.62649,37.93891,10.8,2019-04-29 20:33:36,2019-04-29 20:33:06,2019-04-29 20:34:06
1eee5599ef5de5c07df6698ab4d4a6e6bbe4a2be25208864a8876cf6050452ad,23.62666,37.93896,10.7,2019-04-29 20:33:39,2019-04-29 20:33:09,2019-04-29 20:34:09
1eee5599ef5de5c07df6698ab4d4a6e6bbe4a2be25208864a8876cf6050452ad,23.62684,37.93901,10.7,2019-04-29 20:33:42,2019-04-29 20:33:12,2019-04-29 20:34:12
1eee5599ef5de5c07df6698ab4d4a6e6bbe4a2be25208864a8876cf6050452ad,23.62702,37.93906,10.7,2019-04-29 20:33:45,2019-04-29 20:33:15,2019-04-29 20:34:15
1eee5599ef5de5c07df6698ab4d4a6e6bbe4a2be25208864a8876cf6050452ad,23.6272,37.93911,10.7,2019-04-29 20:33:48,2019-04-29 20:33:18,2019-04-29 20:34:18
1eee5599ef5de5c07df6698ab4d4a6e6bbe4a2be25208864a8876cf6050452ad,23.62725,37.93913,10.7,2019-04-29 20:33:50,2019-04-29 20:33:20,2019-04-29 20:34:20
1eee5599ef5de5c07df6698ab4d4a6e6bbe4a2be25208864a8876cf6050452ad,23.62737,37.93916,10.7,2019-04-29 20:33:51,2019-04-29 20:33:21,2019-04-29 20:34:21
1eee5599ef5de5c07df6698ab4d4a6e6bbe4a2be25208864a8876cf6050452ad,23.62861,37.93952,10.7,2019-04-29 20:34:12,2019-04-29 20:33:42,2019-04-29 20:34:42
1eee5599ef5de5c07df6698ab4d4a6e6bbe4a2be25208864a8876cf6050452ad,23.62761,37.93923,10.7,2019-04-29 20:33:55,2019-04-29 20:33:25,2019-04-29 20:34:25
1eee5599ef5de5c07df6698ab4d4a6e6bbe4a2be25208864a8876cf6050452ad,23.62873,37.93955,10.7,2019-04-29 20:34:14,2019-04-29 20:33:44,2019-04-29 20:34:44
f6bc7f1c524e9ddb5ebee6ea1012f54502556638891b604dcd17ee19cf4e2b4f,23.63992,37.9421,0.1,2019-04-29 20:33:57,2019-04-29 20:33:27,2019-04-29 20:34:27
1eee5599ef5de5c07df6698ab4d4a6e6bbe4a2be25208864a8876cf6050452ad,23.62879,37.93957,10.7,2019-04-29 20:34:15,2019-04-29 20:33:45,2019-04-29 20:34:45
1eee5599ef5de5c07df6698ab4d4a6e6bbe4a2be25208864a8876cf6050452ad,23.62778,37.93929,10.6,2019-04-29 20:33:58,2019-04-29 20:33:28,2019-04-29 20:34:28
1eee5599ef5de5c07df6698ab4d4a6e6bbe4a2be25208864a8876cf6050452ad,23.62796,37.93934,10.6,2019-04-29 20:34:01,2019-04-29 20:33:31,2019-04-29 20:34:31
1eee5599ef5de5c07df6698ab4d4a6e6bbe4a2be25208864a8876cf6050452ad,23.62813,37.93939,10.6,2019-04-29 20:34:04,2019-04-29 20:33:34,2019-04-29 20:34:34
1eee5599ef5de5c07df6698ab4d4a6e6bbe4a2be25208864a8876cf6050452ad,23.62897,37.93962,10.7,2019-04-29 20:34:18,2019-04-29 20:33:48,2019-04-29 20:34:48
1eee5599ef5de5c07df6698ab4d4a6e6bbe4a2be25208864a8876cf6050452ad,23.62819,37.9394,10.6,2019-04-29 20:34:05,2019-04-29 20:33:35,2019-04-29 20:34:35
ce1b88a7983b03e73811ccc8ea111f6879a89ae04eca20ee8f6a8c1c080917b5,23.63631,37.93984,0.1,2019-04-29 20:34:21,2019-04-29 20:33:51,2019-04-29 20:34:51
1eee5599ef5de5c07df6698ab4d4a6e6bbe4a2be25208864a8876cf6050452ad,23.62837,37.93945,10.6,2019-04-29 20:34:08,2019-04-29 20:33:38,2019-04-29 20:34:38
1eee5599ef5de5c07df6698ab4d4a6e6bbe4a2be25208864a8876cf6050452ad,23.6292,37.93968,10.7,2019-04-29 20:34:22,2019-04-29 20:33:52,2019-04-29 20:34:52
1eee5599ef5de5c07df6698ab4d4a6e6bbe4a2be25208864a8876cf6050452ad,23.63021,37.93996,10.6,2019-04-29 20:34:39,2019-04-29 20:34:09,2019-04-29 20:35:09
1eee5599ef5de5c07df6698ab4d4a6e6bbe4a2be25208864a8876cf6050452ad,23.62944,37.93975,10.7,2019-04-29 20:34:26,2019-04-29 20:33:56,2019-04-29 20:34:56
1eee5599ef5de5c07df6698ab4d4a6e6bbe4a2be25208864a8876cf6050452ad,23.62956,37.93978,10.7,2019-04-29 20:34:28,2019-04-29 20:33:58,2019-04-29 20:34:58
1eee5599ef5de5c07df6698ab4d4a6e6bbe4a2be25208864a8876cf6050452ad,23.6298,37.93985,10.7,2019-04-29 20:34:32,2019-04-29 20:34:02,2019-04-29 20:35:02
1eee5599ef5de5c07df6698ab4d4a6e6bbe4a2be25208864a8876cf6050452ad,23.62991,37.93988,10.6,2019-04-29 20:34:34,2019-04-29 20:34:04,2019-04-29 20:35:04
1eee5599ef5de5c07df6698ab4d4a6e6bbe4a2be25208864a8876cf6050452ad,23.63003,37.93991,10.6,2019-04-29 20:34:36,2019-04-29 20:34:06,2019-04-29 20:35:06
1eee5599ef5de5c07df6698ab4d4a6e6bbe4a2be25208864a8876cf6050452ad,23.6305,37.94004,10.5,2019-04-29 20:34:44,2019-04-29 20:34:14,2019-04-29 20:35:14
1eee5599ef5de5c07df6698ab4d4a6e6bbe4a2be25208864a8876cf6050452ad,23.63061,37.94007,10.5,2019-04-29 20:34:45,2019-04-29 20:34:15,2019-04-29 20:35:15
1eee5599ef5de5c07df6698ab4d4a6e6bbe4a2be25208864a8876cf6050452ad,23.63108,37.94019,10.5,2019-04-29 20:34:54,2019-04-29 20:34:24,2019-04-29 20:35:24
1eee5599ef5de5c07df6698ab4d4a6e6bbe4a2be25208864a8876cf6050452ad,23.63114,37.9402,10.5,2019-04-29 20:34:55,2019-04-29 20:34:25,2019-04-29 20:35:25
1eee5599ef5de5c07df6698ab4d4a6e6bbe4a2be25208864a8876cf6050452ad,23.633,37.94067,10.7,2019-04-29 20:35:26,2019-04-29 20:34:56,2019-04-29 20:35:56
1eee5599ef5de5c07df6698ab4d4a6e6bbe4a2be25208864a8876cf6050452ad,23.63216,37.94045,10.6,2019-04-29 20:35:12,2019-04-29 20:34:42,2019-04-29 20:35:42
1d2a32243707b28cb49a7c7806585b884d7f84b30c1a248eda6636f67780f0a4,23.64105,37.94778,0.1,2019-04-29 20:35:15,2019-04-29 20:34:45,2019-04-29 20:35:45
1eee5599ef5de5c07df6698ab4d4a6e6bbe4a2be25208864a8876cf6050452ad,23.63234,37.9405,10.7,2019-04-29 20:35:15,2019-04-29 20:34:45,2019-04-29 20:35:45
1eee5599ef5de5c07df6698ab4d4a6e6bbe4a2be25208864a8876cf6050452ad,23.63252,37.94054,10.7,2019-04-29 20:35:18,2019-04-29 20:34:48,2019-04-29 20:35:48
1eee5599ef5de5c07df6698ab4d4a6e6bbe4a2be25208864a8876cf6050452ad,23.63144,37.94027,10.6,2019-04-29 20:35:00,2019-04-29 20:34:30,2019-04-29 20:35:30
1eee5599ef5de5c07df6698ab4d4a6e6bbe4a2be25208864a8876cf6050452ad,23.6315,37.94028,10.6,2019-04-29 20:35:01,2019-04-29 20:34:31,2019-04-29 20:35:31
1eee5599ef5de5c07df6698ab4d4a6e6bbe4a2be25208864a8876cf6050452ad,23.63174,37.94034,10.6,2019-04-29 20:35:05,2019-04-29 20:34:35,2019-04-29 20:35:35
1eee5599ef5de5c07df6698ab4d4a6e6bbe4a2be25208864a8876cf6050452ad,23.63204,37.94042,10.6,2019-04-29 20:35:10,2019-04-29 20:34:40,2019-04-29 20:35:40
1eee5599ef5de5c07df6698ab4d4a6e6bbe4a2be25208864a8876cf6050452ad,23.63276,37.9406,10.7,2019-04-29 20:35:22,2019-04-29 20:34:52,2019-04-29 20:35:52
1eee5599ef5de5c07df6698ab4d4a6e6bbe4a2be25208864a8876cf6050452ad,23.63347,37.9408,10.6,2019-04-29 20:35:34,2019-04-29 20:35:04,2019-04-29 20:36:04
1eee5599ef5de5c07df6698ab4d4a6e6bbe4a2be25208864a8876cf6050452ad,23.63282,37.94062,10.7,2019-04-29 20:35:23,2019-04-29 20:34:53,2019-04-29 20:35:53
1eee5599ef5de5c07df6698ab4d4a6e6bbe4a2be25208864a8876cf6050452ad,23.63358,37.94084,10.6,2019-04-29 20:35:36,2019-04-29 20:35:06,2019-04-29 20:36:06
1eee5599ef5de5c07df6698ab4d4a6e6bbe4a2be25208864a8876cf6050452ad,23.63376,37.94089,10.6,2019-04-29 20:35:39,2019-04-29 20:35:09,2019-04-29 20:36:09
1eee5599ef5de5c07df6698ab4d4a6e6bbe4a2be25208864a8876cf6050452ad,23.63393,37.94095,10.5,2019-04-29 20:35:42,2019-04-29 20:35:12,2019-04-29 20:36:12
1eee5599ef5de5c07df6698ab4d4a6e6bbe4a2be25208864a8876cf6050452ad,23.63404,37.94099,10.5,2019-04-29 20:35:44,2019-04-29 20:35:14,2019-04-29 20:36:14
1eee5599ef5de5c07df6698ab4d4a6e6bbe4a2be25208864a8876cf6050452ad,23.6358,37.9417,10.5,2019-04-29 20:36:15,2019-04-29 20:35:45,2019-04-29 20:36:45
1eee5599ef5de5c07df6698ab4d4a6e6bbe4a2be25208864a8876cf6050452ad,23.63426,37.94107,10.5,2019-04-29 20:35:48,2019-04-29 20:35:18,2019-04-29 20:36:18
1eee5599ef5de5c07df6698ab4d4a6e6bbe4a2be25208864a8876cf6050452ad,23.63444,37.94114,10.5,2019-04-29 20:35:51,2019-04-29 20:35:21,2019-04-29 20:36:21
1eee5599ef5de5c07df6698ab4d4a6e6bbe4a2be25208864a8876cf6050452ad,23.63455,37.94118,10.5,2019-04-29 20:35:54,2019-04-29 20:35:24,2019-04-29 20:36:24
1eee5599ef5de5c07df6698ab4d4a6e6bbe4a2be25208864a8876cf6050452ad,23.63466,37.94123,10.5,2019-04-29 20:35:55,2019-04-29 20:35:25,2019-04-29 20:36:25
f6bc7f1c524e9ddb5ebee6ea1012f54502556638891b604dcd17ee19cf4e2b4f,23.63988,37.94213,0.1,2019-04-29 20:35:57,2019-04-29 20:35:27,2019-04-29 20:36:27
1eee5599ef5de5c07df6698ab4d4a6e6bbe4a2be25208864a8876cf6050452ad,23.63483,37.9413,10.5,2019-04-29 20:35:58,2019-04-29 20:35:28,2019-04-29 20:36:28
1eee5599ef5de5c07df6698ab4d4a6e6bbe4a2be25208864a8876cf6050452ad,23.63494,37.94134,10.5,2019-04-29 20:36:00,2019-04-29 20:35:30,2019-04-29 20:36:30
1eee5599ef5de5c07df6698ab4d4a6e6bbe4a2be25208864a8876cf6050452ad,23.63537,37.94152,10.5,2019-04-29 20:36:08,2019-04-29 20:35:38,2019-04-29 20:36:38
5ba4836f5f81948f3cd56034b22750861943cc65d311f250b8072c528736ea26,23.63733,37.94733,0.1,2019-04-29 20:36:18,2019-04-29 20:35:48,2019-04-29 20:36:48
1eee5599ef5de5c07df6698ab4d4a6e6bbe4a2be25208864a8876cf6050452ad,23.63602,37.94179,10.5,2019-04-29 20:36:19,2019-04-29 20:35:49,2019-04-29 20:36:49
1eee5599ef5de5c07df6698ab4d4a6e6bbe4a2be25208864a8876cf6050452ad,23.63569,37.94165,10.5,2019-04-29 20:36:14,2019-04-29 20:35:44,2019-04-29 20:36:44
ce1b88a7983b03e73811ccc8ea111f6879a89ae04eca20ee8f6a8c1c080917b5,23.63631,37.93985,0.1,2019-04-29 20:36:21,2019-04-29 20:35:51,2019-04-29 20:36:51
1eee5599ef5de5c07df6698ab4d4a6e6bbe4a2be25208864a8876cf6050452ad,23.63619,37.94186,10.5,2019-04-29 20:36:23,2019-04-29 20:35:53,2019-04-29 20:36:53
1d2a32243707b28cb49a7c7806585b884d7f84b30c1a248eda6636f67780f0a4,23.64106,37.94778,0.1,2019-04-29 20:36:24,2019-04-29 20:35:54,2019-04-29 20:36:54
1eee5599ef5de5c07df6698ab4d4a6e6bbe4a2be25208864a8876cf6050452ad,23.63635,37.94193,10.5,2019-04-29 20:36:26,2019-04-29 20:35:56,2019-04-29 20:36:56
1eee5599ef5de5c07df6698ab4d4a6e6bbe4a2be25208864a8876cf6050452ad,23.63646,37.94198,10.5,2019-04-29 20:36:28,2019-04-29 20:35:58,2019-04-29 20:36:58
1eee5599ef5de5c07df6698ab4d4a6e6bbe4a2be25208864a8876cf6050452ad,23.63689,37.94219,10.6,2019-04-29 20:36:36,2019-04-29 20:36:06,2019-04-29 20:37:06
1eee5599ef5de5c07df6698ab4d4a6e6bbe4a2be25208864a8876cf6050452ad,23.637,37.94224,10.6,2019-04-29 20:36:38,2019-04-29 20:36:08,2019-04-29 20:37:08
1eee5599ef5de5c07df6698ab4d4a6e6bbe4a2be25208864a8876cf6050452ad,23.63667,37.94209,10.6,2019-04-29 20:36:32,2019-04-29 20:36:02,2019-04-29 20:37:02
1eee5599ef5de5c07df6698ab4d4a6e6bbe4a2be25208864a8876cf6050452ad,23.63678,37.94214,10.6,2019-04-29 20:36:34,2019-04-29 20:36:04,2019-04-29 20:37:04
