id_,vessel_id,dt,lon,lat,heading,course,speed,geom
53157,84872dde83fa3649fba717401ad1ceb3de83b0585f476fb1cba40efe9994b398,2019-04-01 05:24:25,23.67321,37.82799,333,331,16.4,0101000020E61000001557957D57AC374020B58993FBE94240
53269,84872dde83fa3649fba717401ad1ceb3de83b0585f476fb1cba40efe9994b398,2019-04-01 05:25:13,23.67103,37.8311,333,331,16.4,0101000020E610000087A2409FC8AB374051DA1B7C61EA4240
53393,84872dde83fa3649fba717401ad1ceb3de83b0585f476fb1cba40efe9994b398,2019-04-01 05:26:01,23.66876,37.83436,333,331,16.4,0101000020E61000007ADFF8DA33AB3740978BF84ECCEA4240
53420,84872dde83fa3649fba717401ad1ceb3de83b0585f476fb1cba40efe9994b398,2019-04-01 05:26:13,23.66824,37.8351,332,331,16.4,0101000020E610000009E1D1C611AB3740DE718A8EE4EA4240
53574,84872dde83fa3649fba717401ad1ceb3de83b0585f476fb1cba40efe9994b398,2019-04-01 05:27:12,23.66548,37.83909,333,332,16.4,0101000020E61000005F24B4E55CAA37404833164D67EB4240
53600,84872dde83fa3649fba717401ad1ceb3de83b0585f476fb1cba40efe9994b398,2019-04-01 05:27:24,23.66492,37.83989,332,331,16.4,0101000020E6100000D174763238AA3740641EF98381EB4240
53672,84872dde83fa3649fba717401ad1ceb3de83b0585f476fb1cba40efe9994b398,2019-04-01 05:27:49,23.66377,37.84156,333,331,16.4,0101000020E6100000E010AAD4ECA9374096CFF23CB8EB4240
53742,84872dde83fa3649fba717401ad1ceb3de83b0585f476fb1cba40efe9994b398,2019-04-01 05:28:12,23.66271,37.84309,333,331,16.4,0101000020E61000006FBBD05CA7A93740D5CA845FEAEB4240
53808,84872dde83fa3649fba717401ad1ceb3de83b0585f476fb1cba40efe9994b398,2019-04-01 05:28:37,23.66154,37.84476,332,331,16.4,0101000020E6100000EFFE78AF5AA93740077C7E1821EC4240
53849,84872dde83fa3649fba717401ad1ceb3de83b0585f476fb1cba40efe9994b398,2019-04-01 05:28:49,23.66098,37.84556,333,331,16.4,0101000020E6100000614F3BFC35A937402367614F3BEC4240
54031,84872dde83fa3649fba717401ad1ceb3de83b0585f476fb1cba40efe9994b398,2019-04-01 05:30:01,23.65768,37.85038,333,332,16.5,0101000020E6100000B83B6BB75DA8374014967840D9EC4240
54064,84872dde83fa3649fba717401ad1ceb3de83b0585f476fb1cba40efe9994b398,2019-04-01 05:30:12,23.65718,37.85112,333,332,16.5,0101000020E6100000D595CFF23CA837405B7C0A80F1EC4240
54106,84872dde83fa3649fba717401ad1ceb3de83b0585f476fb1cba40efe9994b398,2019-04-01 05:30:24,23.65663,37.85193,333,332,16.5,0101000020E61000008E9257E718A837409B3DD00A0CED4240
54179,84872dde83fa3649fba717401ad1ceb3de83b0585f476fb1cba40efe9994b398,2019-04-01 05:30:49,23.65548,37.8536,333,331,16.5,0101000020E61000009D2E8B89CDA73740CCEEC9C342ED4240
54212,84872dde83fa3649fba717401ad1ceb3de83b0585f476fb1cba40efe9994b398,2019-04-01 05:31:01,23.65493,37.85441,333,331,16.5,0101000020E6100000562B137EA9A737400CB08F4E5DED4240
54243,84872dde83fa3649fba717401ad1ceb3de83b0585f476fb1cba40efe9994b398,2019-04-01 05:31:12,23.65443,37.85515,333,332,16.5,0101000020E6100000738577B988A737405396218E75ED4240
54279,84872dde83fa3649fba717401ad1ceb3de83b0585f476fb1cba40efe9994b398,2019-04-01 05:31:24,23.65388,37.85596,333,332,16.5,0101000020E61000002C82FFAD64A737409357E71890ED4240
54362,84872dde83fa3649fba717401ad1ceb3de83b0585f476fb1cba40efe9994b398,2019-04-01 05:31:49,23.65274,37.85765,333,332,16.5,0101000020E610000082CAF8F719A737400BB5A679C7ED4240
54390,84872dde83fa3649fba717401ad1ceb3de83b0585f476fb1cba40efe9994b398,2019-04-01 05:32:01,23.65219,37.85845,333,332,16.5,0101000020E61000003BC780ECF5A6374027A089B0E1ED4240
54424,84872dde83fa3649fba717401ad1ceb3de83b0585f476fb1cba40efe9994b398,2019-04-01 05:32:12,23.6517,37.85919,333,332,16.5,0101000020E61000009FCDAACFD5A637406E861BF0F9ED4240
54460,84872dde83fa3649fba717401ad1ceb3de83b0585f476fb1cba40efe9994b398,2019-04-01 05:32:24,23.65115,37.86,333,332,16.5,0101000020E610000058CA32C4B1A63740AE47E17A14EE4240
54537,84872dde83fa3649fba717401ad1ceb3de83b0585f476fb1cba40efe9994b398,2019-04-01 05:32:49,23.65001,37.86169,333,332,16.5,0101000020E6100000AE122C0E67A6374027A5A0DB4BEE4240
54605,84872dde83fa3649fba717401ad1ceb3de83b0585f476fb1cba40efe9994b398,2019-04-01 05:33:13,23.64892,37.86331,333,332,16.5,0101000020E610000067B8019F1FA63740A6272CF180EE4240
54631,84872dde83fa3649fba717401ad1ceb3de83b0585f476fb1cba40efe9994b398,2019-04-01 05:33:24,23.64843,37.86405,333,332,16.5,0101000020E6100000CBBE2B82FFA53740ED0DBE3099EE4240
54666,84872dde83fa3649fba717401ad1ceb3de83b0585f476fb1cba40efe9994b398,2019-04-01 05:33:36,23.64789,37.86486,333,332,16.5,0101000020E6100000CB67791EDCA537402DCF83BBB3EE4240
54701,84872dde83fa3649fba717401ad1ceb3de83b0585f476fb1cba40efe9994b398,2019-04-01 05:33:49,23.6473,37.86574,333,332,16.4,0101000020E610000068B3EA73B5A53740666B7D91D0EE4240
54739,84872dde83fa3649fba717401ad1ceb3de83b0585f476fb1cba40efe9994b398,2019-04-01 05:34:01,23.64676,37.86655,333,332,16.4,0101000020E6100000685C381092A53740A52C431CEBEE4240
54774,84872dde83fa3649fba717401ad1ceb3de83b0585f476fb1cba40efe9994b398,2019-04-01 05:34:13,23.64622,37.86735,333,332,16.4,0101000020E6100000680586AC6EA53740C217265305EF4240
54804,84872dde83fa3649fba717401ad1ceb3de83b0585f476fb1cba40efe9994b398,2019-04-01 05:34:24,23.64573,37.86809,333,332,16.4,0101000020E6100000CC0BB08F4EA5374009FEB7921DEF4240
54842,84872dde83fa3649fba717401ad1ceb3de83b0585f476fb1cba40efe9994b398,2019-04-01 05:34:36,23.6452,37.8689,333,332,16.4,0101000020E61000001361C3D32BA5374048BF7D1D38EF4240
54873,84872dde83fa3649fba717401ad1ceb3de83b0585f476fb1cba40efe9994b398,2019-04-01 05:34:49,23.64462,37.86977,333,332,16.4,0101000020E6100000F758FAD005A537405E85949F54EF4240
54908,84872dde83fa3649fba717401ad1ceb3de83b0585f476fb1cba40efe9994b398,2019-04-01 05:35:01,23.64408,37.87058,333,332,16.4,0101000020E6100000F701486DE2A437409D465A2A6FEF4240
54943,84872dde83fa3649fba717401ad1ceb3de83b0585f476fb1cba40efe9994b398,2019-04-01 05:35:13,23.64354,37.87139,333,332,16.4,0101000020E6100000F8AA9509BFA43740DD0720B589EF4240
54978,84872dde83fa3649fba717401ad1ceb3de83b0585f476fb1cba40efe9994b398,2019-04-01 05:35:25,23.64305,37.87213,333,332,16.4,0101000020E61000005BB1BFEC9EA4374024EEB1F4A1EF4240
55007,84872dde83fa3649fba717401ad1ceb3de83b0585f476fb1cba40efe9994b398,2019-04-01 05:35:36,23.64253,37.87294,334,333,16.4,0101000020E6100000EAB298D87CA4374064AF777FBCEF4240
55042,84872dde83fa3649fba717401ad1ceb3de83b0585f476fb1cba40efe9994b398,2019-04-01 05:35:49,23.64198,37.87382,335,333,16.4,0101000020E6100000A3AF20CD58A437409D4B7155D9EF4240
55115,84872dde83fa3649fba717401ad1ceb3de83b0585f476fb1cba40efe9994b398,2019-04-01 05:36:13,23.64098,37.87546,335,334,16.4,0101000020E6100000DC63E94317A43740637AC2120FF04240
55150,84872dde83fa3649fba717401ad1ceb3de83b0585f476fb1cba40efe9994b398,2019-04-01 05:36:25,23.64052,37.87621,335,334,16.4,0101000020E6100000156F641EF9A33740CE3637A627F04240
55185,84872dde83fa3649fba717401ad1ceb3de83b0585f476fb1cba40efe9994b398,2019-04-01 05:36:36,23.64002,37.87703,335,334,16.4,0101000020E610000032C9C859D8A3374031CEDF8442F04240
55224,84872dde83fa3649fba717401ad1ceb3de83b0585f476fb1cba40efe9994b398,2019-04-01 05:36:49,23.63948,37.87792,335,334,16.4,0101000020E6100000327216F6B4A337408E40BCAE5FF04240
50987,84872dde83fa3649fba717401ad1ceb3de83b0585f476fb1cba40efe9994b398,2019-04-01 05:13:37,23.70327,37.78403,334,333,16.4,0101000020E61000000742B28009B437409C8A54185BE44240
51138,84872dde83fa3649fba717401ad1ceb3de83b0585f476fb1cba40efe9994b398,2019-04-01 05:14:24,23.70109,37.78725,333,331,16.5,0101000020E61000007A8D5DA27AB3374054E3A59BC4E44240
55261,84872dde83fa3649fba717401ad1ceb3de83b0585f476fb1cba40efe9994b398,2019-04-01 05:37:01,23.63897,37.87874,335,334,16.4,0101000020E61000000820B58993A33740F1D7648D7AF04240
51310,84872dde83fa3649fba717401ad1ceb3de83b0585f476fb1cba40efe9994b398,2019-04-01 05:15:12,23.69891,37.79049,333,332,16.6,0101000020E6100000EDD808C4EBB2374053E8BCC62EE54240
51909,84872dde83fa3649fba717401ad1ceb3de83b0585f476fb1cba40efe9994b398,2019-04-01 05:18:12,23.69056,37.8028,333,332,16.8,0101000020E6100000FFEC478AC8B03740499D8026C2E64240
52009,84872dde83fa3649fba717401ad1ceb3de83b0585f476fb1cba40efe9994b398,2019-04-01 05:18:49,23.68887,37.80526,334,332,16.7,0101000020E61000000E32C9C859B0374073637AC212E74240
52169,84872dde83fa3649fba717401ad1ceb3de83b0585f476fb1cba40efe9994b398,2019-04-01 05:19:37,23.68665,37.80854,333,332,16.7,0101000020E610000064CC5D4BC8AF374001C11C3D7EE74240
52354,84872dde83fa3649fba717401ad1ceb3de83b0585f476fb1cba40efe9994b398,2019-04-01 05:20:37,23.68386,37.81264,333,332,16.7,0101000020E6100000E50AEF7211AF3740F2B5679604E84240
52399,84872dde83fa3649fba717401ad1ceb3de83b0585f476fb1cba40efe9994b398,2019-04-01 05:20:49,23.68327,37.81352,333,332,16.7,0101000020E6100000825660C8EAAE37402A52616C21E84240
55303,84872dde83fa3649fba717401ad1ceb3de83b0585f476fb1cba40efe9994b398,2019-04-01 05:37:13,23.63848,37.87956,335,334,16.4,0101000020E61000006C26DF6C73A33740546F0D6C95F04240
55341,84872dde83fa3649fba717401ad1ceb3de83b0585f476fb1cba40efe9994b398,2019-04-01 05:37:25,23.63803,37.88031,335,334,16.4,0101000020E6100000ECDD1FEF55A33740BF2B82FFADF04240
52511,84872dde83fa3649fba717401ad1ceb3de83b0585f476fb1cba40efe9994b398,2019-04-01 05:21:12,23.68222,37.81509,334,332,16.7,0101000020E610000058AD4CF8A5AE3740F8A57EDE54E84240
52550,84872dde83fa3649fba717401ad1ceb3de83b0585f476fb1cba40efe9994b398,2019-04-01 05:21:25,23.68163,37.81597,334,332,16.6,0101000020E6100000F4F8BD4D7FAE3740314278B471E84240
55470,84872dde83fa3649fba717401ad1ceb3de83b0585f476fb1cba40efe9994b398,2019-04-01 05:38:01,23.6365,37.88284,335,334,16.4,0101000020E61000006DE7FBA9F1A23740E2CCAFE600F14240
55509,84872dde83fa3649fba717401ad1ceb3de83b0585f476fb1cba40efe9994b398,2019-04-01 05:38:13,23.63599,37.88366,335,334,16.4,0101000020E610000042959A3DD0A23740456458C51BF14240
55548,84872dde83fa3649fba717401ad1ceb3de83b0585f476fb1cba40efe9994b398,2019-04-01 05:38:25,23.63554,37.88442,335,334,16.4,0101000020E6100000C24CDBBFB2A23740D3F6AFAC34F14240
55581,84872dde83fa3649fba717401ad1ceb3de83b0585f476fb1cba40efe9994b398,2019-04-01 05:38:36,23.63504,37.88524,335,334,16.4,0101000020E6100000DFA63FFB91A23740378E588B4FF14240
55692,84872dde83fa3649fba717401ad1ceb3de83b0585f476fb1cba40efe9994b398,2019-04-01 05:39:13,23.63351,37.88777,335,334,16.4,0101000020E610000060B01BB62DA237405A2F8672A2F14240
55728,84872dde83fa3649fba717401ad1ceb3de83b0585f476fb1cba40efe9994b398,2019-04-01 05:39:25,23.63305,37.88852,335,334,16.4,0101000020E610000099BB96900FA23740C4EBFA05BBF14240
53035,84872dde83fa3649fba717401ad1ceb3de83b0585f476fb1cba40efe9994b398,2019-04-01 05:23:49,23.67489,37.8256,332,331,16.5,0101000020E6100000BF654E97C5AC3740EFC9C342ADE94240
53075,84872dde83fa3649fba717401ad1ceb3de83b0585f476fb1cba40efe9994b398,2019-04-01 05:24:01,23.67432,37.8264,332,330,16.4,0101000020E6100000EA094B3CA0AC37400BB5A679C7E94240
55768,84872dde83fa3649fba717401ad1ceb3de83b0585f476fb1cba40efe9994b398,2019-04-01 05:39:36,23.63256,37.88934,335,334,16.4,0101000020E6100000FDC1C073EFA137402783A3E4D5F14240
55840,84872dde83fa3649fba717401ad1ceb3de83b0585f476fb1cba40efe9994b398,2019-04-01 05:40:01,23.63155,37.891,335,334,16.4,0101000020E6100000EFC9C342ADA13740355EBA490CF24240
55886,84872dde83fa3649fba717401ad1ceb3de83b0585f476fb1cba40efe9994b398,2019-04-01 05:40:13,23.63102,37.89189,335,335,16.4,0101000020E6100000361FD7868AA1374091D0967329F24240
55928,84872dde83fa3649fba717401ad1ceb3de83b0585f476fb1cba40efe9994b398,2019-04-01 05:40:25,23.63058,37.89264,335,335,16.4,0101000020E6100000FD82DDB06DA13740FC8C0B0742F24240
64427,84872dde83fa3649fba717401ad1ceb3de83b0585f476fb1cba40efe9994b398,2019-04-01 06:17:55,23.63698,37.94033,135,134,2.9,0101000020E6100000C2340C1F11A337404EB9C2BB5CF84240
55972,84872dde83fa3649fba717401ad1ceb3de83b0585f476fb1cba40efe9994b398,2019-04-01 05:40:36,23.63008,37.89345,335,335,16.4,0101000020E61000001ADD41EC4CA137403C4ED1915CF24240
56022,84872dde83fa3649fba717401ad1ceb3de83b0585f476fb1cba40efe9994b398,2019-04-01 05:40:49,23.62955,37.89435,335,335,16.4,0101000020E6100000613255302AA13740BC96900F7AF24240
64453,84872dde83fa3649fba717401ad1ceb3de83b0585f476fb1cba40efe9994b398,2019-04-01 06:18:02,23.63705,37.94027,138,137,2.8,0101000020E6100000B3EA73B515A3374078B471C45AF84240
56102,84872dde83fa3649fba717401ad1ceb3de83b0585f476fb1cba40efe9994b398,2019-04-01 05:41:13,23.62861,37.89594,336,335,16.4,0101000020E610000045F0BF95ECA03740D1967329AEF24240
56148,84872dde83fa3649fba717401ad1ceb3de83b0585f476fb1cba40efe9994b398,2019-04-01 05:41:25,23.62812,37.89677,336,335,16.4,0101000020E6100000A9F6E978CCA037405704FF5BC9F24240
56193,84872dde83fa3649fba717401ad1ceb3de83b0585f476fb1cba40efe9994b398,2019-04-01 05:41:36,23.62764,37.89759,335,335,16.4,0101000020E610000054A9D903ADA03740BB9BA73AE4F24240
64538,84872dde83fa3649fba717401ad1ceb3de83b0585f476fb1cba40efe9994b398,2019-04-01 06:18:22,23.63721,37.94007,146,148,2.4,0101000020E610000025AFCE3120A33740B1F9B83654F84240
64595,84872dde83fa3649fba717401ad1ceb3de83b0585f476fb1cba40efe9994b398,2019-04-01 06:18:35,23.63726,37.93995,151,154,2.3,0101000020E6100000890CAB7823A3374007F0164850F84240
64624,84872dde83fa3649fba717401ad1ceb3de83b0585f476fb1cba40efe9994b398,2019-04-01 06:18:42,23.63728,37.93989,154,160,2.2,0101000020E6100000176536C824A3374031EBC5504EF84240
56237,84872dde83fa3649fba717401ad1ceb3de83b0585f476fb1cba40efe9994b398,2019-04-01 05:41:49,23.62711,37.89848,335,335,16.4,0101000020E61000009BFEEC478AA03740170E846401F34240
56279,84872dde83fa3649fba717401ad1ceb3de83b0585f476fb1cba40efe9994b398,2019-04-01 05:42:01,23.62666,37.89924,335,335,16.4,0101000020E61000001CB62DCA6CA03740A5A0DB4B1AF34240
56325,84872dde83fa3649fba717401ad1ceb3de83b0585f476fb1cba40efe9994b398,2019-04-01 05:42:13,23.62617,37.90006,335,335,16.4,0101000020E61000007FBC57AD4CA037400938842A35F34240
64660,84872dde83fa3649fba717401ad1ceb3de83b0585f476fb1cba40efe9994b398,2019-04-01 06:18:50,23.6373,37.93983,157,164,2.1,0101000020E6100000A5BDC11726A337405CE674594CF84240
64687,84872dde83fa3649fba717401ad1ceb3de83b0585f476fb1cba40efe9994b398,2019-04-01 06:18:55,23.6373,37.93977,159,169,2,0101000020E6100000A5BDC11726A3374087E123624AF84240
64715,84872dde83fa3649fba717401ad1ceb3de83b0585f476fb1cba40efe9994b398,2019-04-01 06:19:02,23.63731,37.93972,162,174,2,0101000020E6100000EC6987BF26A33740D5B2B5BE48F84240
64745,84872dde83fa3649fba717401ad1ceb3de83b0585f476fb1cba40efe9994b398,2019-04-01 06:19:09,23.63731,37.93967,165,177,1.9,0101000020E6100000EC6987BF26A337402384471B47F84240
64773,84872dde83fa3649fba717401ad1ceb3de83b0585f476fb1cba40efe9994b398,2019-04-01 06:19:15,23.63731,37.93961,168,180,1.9,0101000020E6100000EC6987BF26A337404E7FF62345F84240
64801,84872dde83fa3649fba717401ad1ceb3de83b0585f476fb1cba40efe9994b398,2019-04-01 06:19:22,23.6373,37.93956,170,184,1.8,0101000020E6100000A5BDC11726A337409C50888043F84240
56374,84872dde83fa3649fba717401ad1ceb3de83b0585f476fb1cba40efe9994b398,2019-04-01 05:42:25,23.62568,37.90088,335,335,16.3,0101000020E6100000E3C281902CA037406CCF2C0950F34240
64821,84872dde83fa3649fba717401ad1ceb3de83b0585f476fb1cba40efe9994b398,2019-04-01 06:19:28,23.63728,37.93951,173,187,1.8,0101000020E6100000176536C824A33740EA211ADD41F84240
64850,84872dde83fa3649fba717401ad1ceb3de83b0585f476fb1cba40efe9994b398,2019-04-01 06:19:35,23.63726,37.93945,175,189,1.7,0101000020E6100000890CAB7823A33740151DC9E53FF84240
64880,84872dde83fa3649fba717401ad1ceb3de83b0585f476fb1cba40efe9994b398,2019-04-01 06:19:42,23.63724,37.93939,178,192,1.7,0101000020E6100000FAB31F2922A33740401878EE3DF84240
64913,84872dde83fa3649fba717401ad1ceb3de83b0585f476fb1cba40efe9994b398,2019-04-01 06:19:50,23.6372,37.9393,180,194,1.7,0101000020E6100000DE02098A1FA3374000917EFB3AF84240
64958,84872dde83fa3649fba717401ad1ceb3de83b0585f476fb1cba40efe9994b398,2019-04-01 06:20:02,23.63719,37.93919,182,191,1.7,0101000020E6100000975643E21EA33740795DBF6037F84240
65019,84872dde83fa3649fba717401ad1ceb3de83b0585f476fb1cba40efe9994b398,2019-04-01 06:20:15,23.63718,37.9391,184,187,1.8,0101000020E610000050AA7D3A1EA3374039D6C56D34F84240
65042,84872dde83fa3649fba717401ad1ceb3de83b0585f476fb1cba40efe9994b398,2019-04-01 06:20:22,23.63717,37.93905,185,185,1.7,0101000020E610000009FEB7921DA3374087A757CA32F84240
65062,84872dde83fa3649fba717401ad1ceb3de83b0585f476fb1cba40efe9994b398,2019-04-01 06:20:28,23.63716,37.939,185,186,1.7,0101000020E6100000C251F2EA1CA33740D578E92631F84240
65138,84872dde83fa3649fba717401ad1ceb3de83b0585f476fb1cba40efe9994b398,2019-04-01 06:20:50,23.63713,37.93886,188,190,1.6,0101000020E6100000EC4CA1F31AA33740E3C281902CF84240
65211,84872dde83fa3649fba717401ad1ceb3de83b0585f476fb1cba40efe9994b398,2019-04-01 06:21:09,23.63706,37.93873,192,203,1.6,0101000020E6100000FB96395D16A3374015E3FC4D28F84240
65234,84872dde83fa3649fba717401ad1ceb3de83b0585f476fb1cba40efe9994b398,2019-04-01 06:21:15,23.63704,37.93869,193,204,1.6,0101000020E61000006C3EAE0D15A33740878A71FE26F84240
65263,84872dde83fa3649fba717401ad1ceb3de83b0585f476fb1cba40efe9994b398,2019-04-01 06:21:22,23.63702,37.93866,194,204,1.5,0101000020E6100000DEE522BE13A337401C08C90226F84240
65291,84872dde83fa3649fba717401ad1ceb3de83b0585f476fb1cba40efe9994b398,2019-04-01 06:21:29,23.637,37.93861,195,203,1.5,0101000020E6100000508D976E12A337406AD95A5F24F84240
56519,84872dde83fa3649fba717401ad1ceb3de83b0585f476fb1cba40efe9994b398,2019-04-01 05:43:13,23.62378,37.90408,335,335,15.6,0101000020E61000001DE6CB0BB09F3740DD7BB8E4B8F34240
56565,84872dde83fa3649fba717401ad1ceb3de83b0585f476fb1cba40efe9994b398,2019-04-01 05:43:25,23.62331,37.9049,335,335,15.1,0101000020E61000000F45813E919F3740401361C3D3F34240
56610,84872dde83fa3649fba717401ad1ceb3de83b0585f476fb1cba40efe9994b398,2019-04-01 05:43:36,23.62291,37.90558,335,335,14.8,0101000020E6100000F3599E07779F3740B2F4A10BEAF34240
65364,84872dde83fa3649fba717401ad1ceb3de83b0585f476fb1cba40efe9994b398,2019-04-01 06:21:49,23.63694,37.93849,198,202,1.4,0101000020E6100000A583F57F0EA33740C0CFB87020F84240
56658,84872dde83fa3649fba717401ad1ceb3de83b0585f476fb1cba40efe9994b398,2019-04-01 05:43:49,23.62246,37.90636,335,335,14.5,0101000020E61000007311DF89599F37408733BF9A03F44240
56701,84872dde83fa3649fba717401ad1ceb3de83b0585f476fb1cba40efe9994b398,2019-04-01 05:44:01,23.62207,37.90702,335,335,14.2,0101000020E61000009ED2C1FA3F9F3740B2683A3B19F44240
65527,84872dde83fa3649fba717401ad1ceb3de83b0585f476fb1cba40efe9994b398,2019-04-01 06:22:29,23.63683,37.93829,200,203,1.1,0101000020E6100000971C774A07A33740F91400E319F84240
56750,84872dde83fa3649fba717401ad1ceb3de83b0585f476fb1cba40efe9994b398,2019-04-01 05:44:13,23.62166,37.90772,335,335,14,0101000020E61000003A3B191C259F37406AF6402B30F44240
65608,84872dde83fa3649fba717401ad1ceb3de83b0585f476fb1cba40efe9994b398,2019-04-01 06:22:49,23.63679,37.93822,200,206,0.9,0101000020E61000007B6B60AB04A33740003ACC9717F84240
56795,84872dde83fa3649fba717401ad1ceb3de83b0585f476fb1cba40efe9994b398,2019-04-01 05:44:25,23.62121,37.90847,335,335,13.8,0101000020E6100000BBF2599E079F3740D5B2B5BE48F44240
56828,84872dde83fa3649fba717401ad1ceb3de83b0585f476fb1cba40efe9994b398,2019-04-01 05:44:36,23.62084,37.90909,335,335,13.7,0101000020E6100000740CC85EEF9E3740718FA50F5DF44240
56868,84872dde83fa3649fba717401ad1ceb3de83b0585f476fb1cba40efe9994b398,2019-04-01 05:44:48,23.62044,37.90977,335,335,13.5,0101000020E61000005721E527D59E3740E370E65773F44240
56908,84872dde83fa3649fba717401ad1ceb3de83b0585f476fb1cba40efe9994b398,2019-04-01 05:45:00,23.62004,37.91044,335,335,13.4,0101000020E61000003B3602F1BA9E3740317C444C89F44240
65771,84872dde83fa3649fba717401ad1ceb3de83b0585f476fb1cba40efe9994b398,2019-04-01 06:23:29,23.63674,37.93812,197,207,0.6,0101000020E6100000170E846401A337409CDCEF5014F84240
57006,84872dde83fa3649fba717401ad1ceb3de83b0585f476fb1cba40efe9994b398,2019-04-01 05:45:25,23.61923,37.91182,335,335,13.2,0101000020E6100000BCB376DB859E37405BEB8B84B6F44240
57037,84872dde83fa3649fba717401ad1ceb3de83b0585f476fb1cba40efe9994b398,2019-04-01 05:45:36,23.61888,37.91243,335,335,13.1,0101000020E6100000032670EB6E9E3740D4F19881CAF44240
57079,84872dde83fa3649fba717401ad1ceb3de83b0585f476fb1cba40efe9994b398,2019-04-01 05:45:48,23.6185,37.91307,335,335,13,0101000020E610000075931804569E3740B77A4E7ADFF44240
57110,84872dde83fa3649fba717401ad1ceb3de83b0585f476fb1cba40efe9994b398,2019-04-01 05:46:00,23.61812,37.91372,335,335,12.9,0101000020E6100000E700C11C3D9E3740BED9E6C6F4F44240
65942,84872dde83fa3649fba717401ad1ceb3de83b0585f476fb1cba40efe9994b398,2019-04-01 06:24:08,23.63672,37.93805,193,182,0.3,0101000020E610000089B5F81400A33740A301BC0512F84240
66023,84872dde83fa3649fba717401ad1ceb3de83b0585f476fb1cba40efe9994b398,2019-04-01 06:24:29,23.63672,37.93805,191,33,0.1,0101000020E610000089B5F81400A33740A301BC0512F84240
66105,84872dde83fa3649fba717401ad1ceb3de83b0585f476fb1cba40efe9994b398,2019-04-01 06:24:49,23.63671,37.93806,191,328,0.2,0101000020E61000004209336DFFA23740C7D79E5912F84240
66269,84872dde83fa3649fba717401ad1ceb3de83b0585f476fb1cba40efe9994b398,2019-04-01 06:25:29,23.63668,37.93803,189,201,0.2,0101000020E61000006C04E275FDA237405C55F65D11F84240
66346,84872dde83fa3649fba717401ad1ceb3de83b0585f476fb1cba40efe9994b398,2019-04-01 06:25:49,23.63665,37.938,189,219,0.3,0101000020E610000097FF907EFBA23740F2D24D6210F84240
66426,84872dde83fa3649fba717401ad1ceb3de83b0585f476fb1cba40efe9994b398,2019-04-01 06:26:08,23.63663,37.93798,189,232,0.3,0101000020E610000009A7052FFAA23740AB2688BA0FF84240
66505,84872dde83fa3649fba717401ad1ceb3de83b0585f476fb1cba40efe9994b398,2019-04-01 06:26:29,23.63661,37.93797,190,250,0.2,0101000020E61000007B4E7ADFF8A237408750A5660FF84240
66575,84872dde83fa3649fba717401ad1ceb3de83b0585f476fb1cba40efe9994b398,2019-04-01 06:26:48,23.6366,37.93798,190,304,0.1,0101000020E610000034A2B437F8A23740AB2688BA0FF84240
57186,84872dde83fa3649fba717401ad1ceb3de83b0585f476fb1cba40efe9994b398,2019-04-01 05:46:25,23.61734,37.91506,335,335,12.8,0101000020E61000003C8386FE099E37405AF0A2AF20F54240
57224,84872dde83fa3649fba717401ad1ceb3de83b0585f476fb1cba40efe9994b398,2019-04-01 05:46:36,23.617,37.91565,335,335,12.7,0101000020E6100000CBA145B6F39D37408C4AEA0434F54240
57262,84872dde83fa3649fba717401ad1ceb3de83b0585f476fb1cba40efe9994b398,2019-04-01 05:46:48,23.61663,37.9163,335,335,12.7,0101000020E610000084BBB376DB9D374093A9825149F54240
57299,84872dde83fa3649fba717401ad1ceb3de83b0585f476fb1cba40efe9994b398,2019-04-01 05:47:00,23.61626,37.91694,335,336,12.7,0101000020E61000003DD52137C39D37407632384A5EF54240
57354,84872dde83fa3649fba717401ad1ceb3de83b0585f476fb1cba40efe9994b398,2019-04-01 05:47:13,23.61587,37.91763,335,336,12.6,0101000020E6100000689604A8A99D37400CEA5BE674F54240
57392,84872dde83fa3649fba717401ad1ceb3de83b0585f476fb1cba40efe9994b398,2019-04-01 05:47:25,23.6155,37.91826,335,336,12.6,0101000020E610000021B07268919D3740CB9C2E8B89F54240
57426,84872dde83fa3649fba717401ad1ceb3de83b0585f476fb1cba40efe9994b398,2019-04-01 05:47:36,23.61517,37.91884,335,336,12.5,0101000020E6100000F67AF7C77B9D3740DA20938C9CF54240
57499,84872dde83fa3649fba717401ad1ceb3de83b0585f476fb1cba40efe9994b398,2019-04-01 05:48:00,23.61449,37.92002,335,335,11.7,0101000020E610000013B875374F9D37403DD52137C3F54240
57660,84872dde83fa3649fba717401ad1ceb3de83b0585f476fb1cba40efe9994b398,2019-04-01 05:48:48,23.61328,37.92217,335,336,10.2,0101000020E6100000774A07EBFF9C374019ADA3AA09F64240
57794,84872dde83fa3649fba717401ad1ceb3de83b0585f476fb1cba40efe9994b398,2019-04-01 05:49:29,23.61235,37.92384,335,336,9.5,0101000020E6100000A2B437F8C29C37404A5E9D6340F64240
58012,84872dde83fa3649fba717401ad1ceb3de83b0585f476fb1cba40efe9994b398,2019-04-01 05:50:29,23.61112,37.92605,335,336,8.1,0101000020E610000078EE3D5C729C3740FB3A70CE88F64240
58236,84872dde83fa3649fba717401ad1ceb3de83b0585f476fb1cba40efe9994b398,2019-04-01 05:51:29,23.61021,37.9278,336,338,6.3,0101000020E610000031B1F9B8369C3740499D8026C2F64240
58296,84872dde83fa3649fba717401ad1ceb3de83b0585f476fb1cba40efe9994b398,2019-04-01 05:51:48,23.60997,37.92826,335,338,5.8,0101000020E6100000878A71FE269C3740AD174339D1F64240
58435,84872dde83fa3649fba717401ad1ceb3de83b0585f476fb1cba40efe9994b398,2019-04-01 05:52:29,23.60952,37.92917,335,339,5,0101000020E61000000742B280099C37405036E50AEFF64240
58499,84872dde83fa3649fba717401ad1ceb3de83b0585f476fb1cba40efe9994b398,2019-04-01 05:52:48,23.60934,37.92955,334,339,4.7,0101000020E61000000725CCB4FD9B374097FF907EFBF64240
58584,84872dde83fa3649fba717401ad1ceb3de83b0585f476fb1cba40efe9994b398,2019-04-01 05:53:08,23.60915,37.92993,334,339,4.3,0101000020E6100000C05B2041F19B3740DEC83CF207F74240
58661,84872dde83fa3649fba717401ad1ceb3de83b0585f476fb1cba40efe9994b398,2019-04-01 05:53:29,23.60898,37.93029,333,339,4,0101000020E610000007EBFF1CE69B3740DEE522BE13F74240
58724,84872dde83fa3649fba717401ad1ceb3de83b0585f476fb1cba40efe9994b398,2019-04-01 05:53:48,23.60883,37.93059,332,338,3.7,0101000020E6100000DDD26A48DC9B374009FEB7921DF74240
58806,84872dde83fa3649fba717401ad1ceb3de83b0585f476fb1cba40efe9994b398,2019-04-01 05:54:09,23.60867,37.93089,331,338,3.4,0101000020E61000006B0E10CCD19B374033164D6727F74240
58880,84872dde83fa3649fba717401ad1ceb3de83b0585f476fb1cba40efe9994b398,2019-04-01 05:54:28,23.60853,37.93112,330,336,3.1,0101000020E610000087A2409FC89B37406553AEF02EF74240
59010,84872dde83fa3649fba717401ad1ceb3de83b0585f476fb1cba40efe9994b398,2019-04-01 05:54:48,23.60838,37.93133,327,333,2.7,0101000020E61000005D8AABCABE9B374050E449D235F74240
59097,84872dde83fa3649fba717401ad1ceb3de83b0585f476fb1cba40efe9994b398,2019-04-01 05:55:09,23.60825,37.93152,325,331,2.3,0101000020E6100000C1CAA145B69B3740F3C81F0C3CF74240
67732,84872dde83fa3649fba717401ad1ceb3de83b0585f476fb1cba40efe9994b398,2019-04-01 06:31:57,23.63659,37.93795,189,31,0,0101000020E6100000EDF5EE8FF7A2374040A4DFBE0EF84240
59259,84872dde83fa3649fba717401ad1ceb3de83b0585f476fb1cba40efe9994b398,2019-04-01 05:55:48,23.60814,37.93184,324,349,1.8,0101000020E6100000B2632310AF9B3740658D7A8846F74240
59347,84872dde83fa3649fba717401ad1ceb3de83b0585f476fb1cba40efe9994b398,2019-04-01 05:56:09,23.60812,37.93201,326,357,1.8,0101000020E6100000240B98C0AD9B3740C1C58A1A4CF74240
59422,84872dde83fa3649fba717401ad1ceb3de83b0585f476fb1cba40efe9994b398,2019-04-01 05:56:28,23.60813,37.93217,328,3,1.8,0101000020E61000006BB75D68AE9B3740FA27B85851F74240
59491,84872dde83fa3649fba717401ad1ceb3de83b0585f476fb1cba40efe9994b398,2019-04-01 05:56:48,23.60816,37.93232,331,8,1.7,0101000020E610000041BCAE5FB09B37400FB4024356F74240
59581,84872dde83fa3649fba717401ad1ceb3de83b0585f476fb1cba40efe9994b398,2019-04-01 05:57:09,23.6082,37.93248,335,12,1.7,0101000020E61000005D6DC5FEB29B3740481630815BF74240
59646,84872dde83fa3649fba717401ad1ceb3de83b0585f476fb1cba40efe9994b398,2019-04-01 05:57:28,23.60825,37.93262,338,17,1.7,0101000020E6100000C1CAA145B69B37403ACC971760F74240
59677,84872dde83fa3649fba717401ad1ceb3de83b0585f476fb1cba40efe9994b398,2019-04-01 05:57:35,23.60828,37.93267,340,19,1.7,0101000020E610000096CFF23CB89B3740ECFA05BB61F74240
59698,84872dde83fa3649fba717401ad1ceb3de83b0585f476fb1cba40efe9994b398,2019-04-01 05:57:42,23.60831,37.93272,341,21,1.7,0101000020E61000006BD44334BA9B37409E29745E63F74240
59720,84872dde83fa3649fba717401ad1ceb3de83b0585f476fb1cba40efe9994b398,2019-04-01 05:57:48,23.60833,37.93276,342,23,1.7,0101000020E6100000F92CCF83BB9B37402C82FFAD64F74240
59750,84872dde83fa3649fba717401ad1ceb3de83b0585f476fb1cba40efe9994b398,2019-04-01 05:57:56,23.60837,37.93281,344,26,1.7,0101000020E610000016DEE522BE9B3740DEB06D5166F74240
59802,84872dde83fa3649fba717401ad1ceb3de83b0585f476fb1cba40efe9994b398,2019-04-01 05:58:09,23.60844,37.9329,348,31,1.7,0101000020E610000008944DB9C29B37401D38674469F74240
59824,84872dde83fa3649fba717401ad1ceb3de83b0585f476fb1cba40efe9994b398,2019-04-01 05:58:15,23.60847,37.93294,349,32,1.7,0101000020E6100000DD989EB0C49B3740AC90F2936AF74240
59856,84872dde83fa3649fba717401ad1ceb3de83b0585f476fb1cba40efe9994b398,2019-04-01 05:58:22,23.60852,37.93298,351,35,1.7,0101000020E610000040F67AF7C79B37403AE97DE36BF74240
59934,84872dde83fa3649fba717401ad1ceb3de83b0585f476fb1cba40efe9994b398,2019-04-01 05:58:42,23.60865,37.9331,356,41,1.7,0101000020E6100000DDB5847CD09B3740E5F21FD26FF74240
59958,84872dde83fa3649fba717401ad1ceb3de83b0585f476fb1cba40efe9994b398,2019-04-01 05:58:48,23.60869,37.93313,358,43,1.7,0101000020E6100000F9669B1BD39B37404F75C8CD70F74240
59989,84872dde83fa3649fba717401ad1ceb3de83b0585f476fb1cba40efe9994b398,2019-04-01 05:58:55,23.60874,37.93317,359,45,1.7,0101000020E61000005DC47762D69B3740DDCD531D72F74240
60051,84872dde83fa3649fba717401ad1ceb3de83b0585f476fb1cba40efe9994b398,2019-04-01 05:59:09,23.60884,37.93323,3,48,1.6,0101000020E6100000247F30F0DC9B3740B3D2A41474F74240
60075,84872dde83fa3649fba717401ad1ceb3de83b0585f476fb1cba40efe9994b398,2019-04-01 05:59:16,23.60888,37.93326,5,50,1.6,0101000020E61000004030478FDF9B37401D554D1075F74240
60114,84872dde83fa3649fba717401ad1ceb3de83b0585f476fb1cba40efe9994b398,2019-04-01 05:59:28,23.60898,37.93331,8,55,1.6,0101000020E610000007EBFF1CE69B3740CF83BBB376F74240
60138,84872dde83fa3649fba717401ad1ceb3de83b0585f476fb1cba40efe9994b398,2019-04-01 05:59:35,23.60904,37.93334,10,57,1.6,0101000020E6100000B2F4A10BEA9B37403A0664AF77F74240
60219,84872dde83fa3649fba717401ad1ceb3de83b0585f476fb1cba40efe9994b398,2019-04-01 05:59:55,23.60922,37.9334,15,64,1.7,0101000020E6100000B21188D7F59B37400F0BB5A679F74240
60248,84872dde83fa3649fba717401ad1ceb3de83b0585f476fb1cba40efe9994b398,2019-04-01 06:00:02,23.60928,37.93342,17,67,1.7,0101000020E61000005C1B2AC6F99B374056B77A4E7AF74240
60278,84872dde83fa3649fba717401ad1ceb3de83b0585f476fb1cba40efe9994b398,2019-04-01 06:00:09,23.60935,37.93344,20,69,1.7,0101000020E61000004ED1915CFE9B37409D6340F67AF74240
60357,84872dde83fa3649fba717401ad1ceb3de83b0585f476fb1cba40efe9994b398,2019-04-01 06:00:28,23.60953,37.93347,25,76,1.8,0101000020E61000004EEE77280A9C374008E6E8F17BF74240
60392,84872dde83fa3649fba717401ad1ceb3de83b0585f476fb1cba40efe9994b398,2019-04-01 06:00:35,23.60961,37.93348,27,77,1.8,0101000020E61000008750A5660F9C37402CBCCB457CF74240
60412,84872dde83fa3649fba717401ad1ceb3de83b0585f476fb1cba40efe9994b398,2019-04-01 06:00:42,23.60968,37.93349,29,79,1.8,0101000020E610000079060DFD139C37404F92AE997CF74240
60459,84872dde83fa3649fba717401ad1ceb3de83b0585f476fb1cba40efe9994b398,2019-04-01 06:00:55,23.60982,37.9335,33,83,1.8,0101000020E61000005C72DC291D9C3740736891ED7CF74240
60487,84872dde83fa3649fba717401ad1ceb3de83b0585f476fb1cba40efe9994b398,2019-04-01 06:01:02,23.60988,37.9335,35,85,1.9,0101000020E6100000077C7E18219C3740736891ED7CF74240
60517,84872dde83fa3649fba717401ad1ceb3de83b0585f476fb1cba40efe9994b398,2019-04-01 06:01:09,23.60998,37.9335,37,87,1.9,0101000020E6100000CE3637A6279C3740736891ED7CF74240
60573,84872dde83fa3649fba717401ad1ceb3de83b0585f476fb1cba40efe9994b398,2019-04-01 06:01:22,23.61012,37.9335,41,90,1.9,0101000020E6100000B1A206D3309C3740736891ED7CF74240
60628,84872dde83fa3649fba717401ad1ceb3de83b0585f476fb1cba40efe9994b398,2019-04-01 06:01:35,23.61027,37.9335,43,92,2,0101000020E6100000DCBA9BA73A9C3740736891ED7CF74240
60645,84872dde83fa3649fba717401ad1ceb3de83b0585f476fb1cba40efe9994b398,2019-04-01 06:01:42,23.61033,37.9335,44,91,1.9,0101000020E610000087C43D963E9C3740736891ED7CF74240
60669,84872dde83fa3649fba717401ad1ceb3de83b0585f476fb1cba40efe9994b398,2019-04-01 06:01:48,23.6104,37.9335,45,89,1.8,0101000020E6100000787AA52C439C3740736891ED7CF74240
69025,84872dde83fa3649fba717401ad1ceb3de83b0585f476fb1cba40efe9994b398,2019-04-01 06:37:57,23.63657,37.93792,189,246,0,0101000020E61000005E9D6340F6A23740D52137C30DF84240
60763,84872dde83fa3649fba717401ad1ceb3de83b0585f476fb1cba40efe9994b398,2019-04-01 06:02:09,23.61061,37.93352,46,84,1.7,0101000020E61000004E9CDCEF509C3740BA1457957DF74240
60896,84872dde83fa3649fba717401ad1ceb3de83b0585f476fb1cba40efe9994b398,2019-04-01 06:02:49,23.61096,37.93357,46,81,1.6,0101000020E6100000062AE3DF679C37406C43C5387FF74240
60974,84872dde83fa3649fba717401ad1ceb3de83b0585f476fb1cba40efe9994b398,2019-04-01 06:03:09,23.61114,37.9336,45,81,1.5,0101000020E61000000647C9AB739C3740D6C56D3480F74240
61057,84872dde83fa3649fba717401ad1ceb3de83b0585f476fb1cba40efe9994b398,2019-04-01 06:03:29,23.61131,37.93362,44,81,1.5,0101000020E6100000BFB7E9CF7E9C37401D7233DC80F74240
61221,84872dde83fa3649fba717401ad1ceb3de83b0585f476fb1cba40efe9994b398,2019-04-01 06:04:09,23.61164,37.93365,40,82,1.4,0101000020E6100000EAEC6470949C374088F4DBD781F74240
61307,84872dde83fa3649fba717401ad1ceb3de83b0585f476fb1cba40efe9994b398,2019-04-01 06:04:29,23.61181,37.93366,39,83,1.4,0101000020E6100000A25D85949F9C3740ACCABE2B82F74240
61384,84872dde83fa3649fba717401ad1ceb3de83b0585f476fb1cba40efe9994b398,2019-04-01 06:04:49,23.61196,37.93367,37,84,1.4,0101000020E6100000CD751A69A99C3740CFA0A17F82F74240
61463,84872dde83fa3649fba717401ad1ceb3de83b0585f476fb1cba40efe9994b398,2019-04-01 06:05:09,23.61214,37.9337,36,80,1.5,0101000020E6100000CD920035B59C37403A234A7B83F74240
61532,84872dde83fa3649fba717401ad1ceb3de83b0585f476fb1cba40efe9994b398,2019-04-01 06:05:29,23.61234,37.93375,35,71,1.8,0101000020E61000005B087250C29C3740EC51B81E85F74240
61604,84872dde83fa3649fba717401ad1ceb3de83b0585f476fb1cba40efe9994b398,2019-04-01 06:05:49,23.61256,37.93384,35,63,2.2,0101000020E610000077D66EBBD09C37402BD9B11188F74240
61676,84872dde83fa3649fba717401ad1ceb3de83b0585f476fb1cba40efe9994b398,2019-04-01 06:06:09,23.61284,37.93398,38,58,2.7,0101000020E61000003EAE0D15E39C37401D8F19A88CF74240
61748,84872dde83fa3649fba717401ad1ceb3de83b0585f476fb1cba40efe9994b398,2019-04-01 06:06:29,23.61316,37.93416,41,55,3.2,0101000020E61000002237C30DF89C37409D9D0C8E92F74240
61815,84872dde83fa3649fba717401ad1ceb3de83b0585f476fb1cba40efe9994b398,2019-04-01 06:06:49,23.61353,37.93442,42,50,4.3,0101000020E6100000691D554D109D37403A5D16139BF74240
61894,84872dde83fa3649fba717401ad1ceb3de83b0585f476fb1cba40efe9994b398,2019-04-01 06:07:09,23.61412,37.93473,48,52,5.6,0101000020E6100000CCD1E3F7369D3740884B8E3BA5F74240
61974,84872dde83fa3649fba717401ad1ceb3de83b0585f476fb1cba40efe9994b398,2019-04-01 06:07:29,23.61475,37.93506,56,57,6.5,0101000020E61000004C378941609D37401DE6CB0BB0F74240
61996,84872dde83fa3649fba717401ad1ceb3de83b0585f476fb1cba40efe9994b398,2019-04-01 06:07:35,23.61496,37.93516,58,59,6.7,0101000020E61000002159C0046E9D37408143A852B3F74240
62049,84872dde83fa3649fba717401ad1ceb3de83b0585f476fb1cba40efe9994b398,2019-04-01 06:07:49,23.61546,37.93537,62,62,7.2,0101000020E610000004FF5BC98E9D37406BD44334BAF74240
62073,84872dde83fa3649fba717401ad1ceb3de83b0585f476fb1cba40efe9994b398,2019-04-01 06:07:55,23.61575,37.93548,64,63,7.5,0101000020E61000001283C0CAA19D3740F20703CFBDF74240
62124,84872dde83fa3649fba717401ad1ceb3de83b0585f476fb1cba40efe9994b398,2019-04-01 06:08:09,23.61636,37.93571,65,65,8,0101000020E61000000490DAC4C99D374024456458C5F74240
62200,84872dde83fa3649fba717401ad1ceb3de83b0585f476fb1cba40efe9994b398,2019-04-01 06:08:29,23.61729,37.93605,64,65,8.7,0101000020E6100000D925AAB7069E3740DDB5847CD0F74240
62260,84872dde83fa3649fba717401ad1ceb3de83b0585f476fb1cba40efe9994b398,2019-04-01 06:08:49,23.61819,37.93637,65,65,8.9,0101000020E6100000D8B628B3419E37404E7ADFF8DAF74240
62346,84872dde83fa3649fba717401ad1ceb3de83b0585f476fb1cba40efe9994b398,2019-04-01 06:09:09,23.61915,37.9367,65,66,8.7,0101000020E61000008351499D809E3740E4141DC9E5F74240
62431,84872dde83fa3649fba717401ad1ceb3de83b0585f476fb1cba40efe9994b398,2019-04-01 06:09:28,23.62001,37.93699,65,67,8.4,0101000020E61000006631B1F9B89E3740EB56CF49EFF74240
62598,84872dde83fa3649fba717401ad1ceb3de83b0585f476fb1cba40efe9994b398,2019-04-01 06:10:09,23.62177,37.93757,65,67,8.1,0101000020E610000049A297512C9F3740F9DA334B02F84240
62667,84872dde83fa3649fba717401ad1ceb3de83b0585f476fb1cba40efe9994b398,2019-04-01 06:10:28,23.62261,37.93785,65,68,7.9,0101000020E61000009E29745E639F3740DC4603780BF84240
62745,84872dde83fa3649fba717401ad1ceb3de83b0585f476fb1cba40efe9994b398,2019-04-01 06:10:50,23.62348,37.93814,65,67,7.7,0101000020E6100000C8B5A1629C9F3740E388B5F814F84240
62821,84872dde83fa3649fba717401ad1ceb3de83b0585f476fb1cba40efe9994b398,2019-04-01 06:11:09,23.62426,37.93839,66,68,7.6,0101000020E61000007233DC80CF9F37405C72DC291DF84240
62901,84872dde83fa3649fba717401ad1ceb3de83b0585f476fb1cba40efe9994b398,2019-04-01 06:11:28,23.62507,37.93865,66,68,7.5,0101000020E6100000F2B5679604A03740F931E6AE25F84240
62986,84872dde83fa3649fba717401ad1ceb3de83b0585f476fb1cba40efe9994b398,2019-04-01 06:11:50,23.62591,37.93892,66,68,7.4,0101000020E6100000473D44A33BA03740B9C7D2872EF84240
63061,84872dde83fa3649fba717401ad1ceb3de83b0585f476fb1cba40efe9994b398,2019-04-01 06:12:09,23.62666,37.93917,66,67,7.3,0101000020E61000001CB62DCA6CA0374031B1F9B836F84240
63145,84872dde83fa3649fba717401ad1ceb3de83b0585f476fb1cba40efe9994b398,2019-04-01 06:12:28,23.62744,37.93942,67,68,7.2,0101000020E6100000C63368E89FA03740AA9A20EA3EF84240
71900,84872dde83fa3649fba717401ad1ceb3de83b0585f476fb1cba40efe9994b398,2019-04-01 06:49:57,23.6366,37.93797,188,176,0,0101000020E610000034A2B437F8A237408750A5660FF84240
63297,84872dde83fa3649fba717401ad1ceb3de83b0585f476fb1cba40efe9994b398,2019-04-01 06:13:09,23.62898,37.93986,70,71,7,0101000020E61000008CD651D504A13740C7681D554DF84240
63372,84872dde83fa3649fba717401ad1ceb3de83b0585f476fb1cba40efe9994b398,2019-04-01 06:13:28,23.62972,37.94007,70,70,6.7,0101000020E61000001AA3755435A13740B1F9B83654F84240
63452,84872dde83fa3649fba717401ad1ceb3de83b0585f476fb1cba40efe9994b398,2019-04-01 06:13:50,23.63045,37.94028,70,70,6.4,0101000020E610000061C3D32B65A137409C8A54185BF84240
63703,84872dde83fa3649fba717401ad1ceb3de83b0585f476fb1cba40efe9994b398,2019-04-01 06:14:50,23.63245,37.94076,75,75,5.8,0101000020E6100000EE5A423EE8A1374046B1DCD26AF84240
63772,84872dde83fa3649fba717401ad1ceb3de83b0585f476fb1cba40efe9994b398,2019-04-01 06:15:09,23.63308,37.94087,77,76,5.6,0101000020E61000006EC0E78711A23740CDE49B6D6EF84240
63845,84872dde83fa3649fba717401ad1ceb3de83b0585f476fb1cba40efe9994b398,2019-04-01 06:15:28,23.63368,37.94098,79,78,5.5,0101000020E610000018213CDA38A2374055185B0872F84240
63922,84872dde83fa3649fba717401ad1ceb3de83b0585f476fb1cba40efe9994b398,2019-04-01 06:15:50,23.63432,37.94105,84,82,5.4,0101000020E6100000DF32A7CB62A237404DF38E5374F84240
63997,84872dde83fa3649fba717401ad1ceb3de83b0585f476fb1cba40efe9994b398,2019-04-01 06:16:09,23.63491,37.94105,91,88,5.1,0101000020E610000043E7357689A237404DF38E5374F84240
64098,84872dde83fa3649fba717401ad1ceb3de83b0585f476fb1cba40efe9994b398,2019-04-01 06:16:35,23.6356,37.94098,101,98,4.6,0101000020E61000006D567DAEB6A2374055185B0872F84240
64133,84872dde83fa3649fba717401ad1ceb3de83b0585f476fb1cba40efe9994b398,2019-04-01 06:16:42,23.63577,37.94095,104,101,4.4,0101000020E610000026C79DD2C1A23740EA95B20C71F84240
64167,84872dde83fa3649fba717401ad1ceb3de83b0585f476fb1cba40efe9994b398,2019-04-01 06:16:50,23.63593,37.94091,107,103,4.3,0101000020E6100000978BF84ECCA237405C3D27BD6FF84240
64187,84872dde83fa3649fba717401ad1ceb3de83b0585f476fb1cba40efe9994b398,2019-04-01 06:16:56,23.63606,37.94087,109,105,4.2,0101000020E6100000344B02D4D4A23740CDE49B6D6EF84240
64215,84872dde83fa3649fba717401ad1ceb3de83b0585f476fb1cba40efe9994b398,2019-04-01 06:17:02,23.6362,37.94082,112,109,4,0101000020E610000017B7D100DEA237401CB62DCA6CF84240
64275,84872dde83fa3649fba717401ad1ceb3de83b0585f476fb1cba40efe9994b398,2019-04-01 06:17:16,23.63645,37.94071,118,116,3.7,0101000020E6100000098A1F63EEA2374095826E2F69F84240
64293,84872dde83fa3649fba717401ad1ceb3de83b0585f476fb1cba40efe9994b398,2019-04-01 06:17:22,23.63656,37.94065,121,120,3.6,0101000020E610000017F19D98F5A23740BF7D1D3867F84240
64324,84872dde83fa3649fba717401ad1ceb3de83b0585f476fb1cba40efe9994b398,2019-04-01 06:17:28,23.63665,37.94059,124,124,3.4,0101000020E610000097FF907EFBA23740EA78CC4065F84240
64355,84872dde83fa3649fba717401ad1ceb3de83b0585f476fb1cba40efe9994b398,2019-04-01 06:17:35,23.63674,37.94052,127,128,3.3,0101000020E6100000170E846401A33740F19D98F562F84240
64377,84872dde83fa3649fba717401ad1ceb3de83b0585f476fb1cba40efe9994b398,2019-04-01 06:17:42,23.63682,37.94045,130,131,3.1,0101000020E61000005070B1A206A33740F8C264AA60F84240
73387,84872dde83fa3649fba717401ad1ceb3de83b0585f476fb1cba40efe9994b398,2019-04-01 06:55:58,23.63658,37.93796,188,306,0,0101000020E6100000A54929E8F6A23740637AC2120FF84240
76319,84872dde83fa3649fba717401ad1ceb3de83b0585f476fb1cba40efe9994b398,2019-04-01 07:07:58,23.63656,37.93797,187,163,0,0101000020E610000017F19D98F5A237408750A5660FF84240
74871,84872dde83fa3649fba717401ad1ceb3de83b0585f476fb1cba40efe9994b398,2019-04-01 07:01:59,23.63658,37.93797,187,52,0,0101000020E6100000A54929E8F6A237408750A5660FF84240
77914,84872dde83fa3649fba717401ad1ceb3de83b0585f476fb1cba40efe9994b398,2019-04-01 07:13:57,23.63657,37.93798,187,101,0,0101000020E61000005E9D6340F6A23740AB2688BA0FF84240
88389,84872dde83fa3649fba717401ad1ceb3de83b0585f476fb1cba40efe9994b398,2019-04-01 07:55:59,23.63657,37.938,188,301,0,0101000020E61000005E9D6340F6A23740F2D24D6210F84240
79453,84872dde83fa3649fba717401ad1ceb3de83b0585f476fb1cba40efe9994b398,2019-04-01 07:19:58,23.63655,37.93797,187,151,0,0101000020E6100000D044D8F0F4A237408750A5660FF84240
80862,84872dde83fa3649fba717401ad1ceb3de83b0585f476fb1cba40efe9994b398,2019-04-01 07:25:58,23.63657,37.93797,188,183,0,0101000020E61000005E9D6340F6A237408750A5660FF84240
91284,84872dde83fa3649fba717401ad1ceb3de83b0585f476fb1cba40efe9994b398,2019-04-01 08:07:57,23.63654,37.93803,186,348,0,0101000020E610000089981249F4A237405C55F65D11F84240
82438,84872dde83fa3649fba717401ad1ceb3de83b0585f476fb1cba40efe9994b398,2019-04-01 07:31:57,23.63655,37.93798,188,214,0,0101000020E6100000D044D8F0F4A23740AB2688BA0FF84240
93768,84872dde83fa3649fba717401ad1ceb3de83b0585f476fb1cba40efe9994b398,2019-04-01 08:19:58,23.63654,37.93801,186,99,0,0101000020E610000089981249F4A2374015A930B610F84240
87042,84872dde83fa3649fba717401ad1ceb3de83b0585f476fb1cba40efe9994b398,2019-04-01 07:49:58,23.6366,37.93799,188,315,0,0101000020E610000034A2B437F8A23740CEFC6A0E10F84240
94927,84872dde83fa3649fba717401ad1ceb3de83b0585f476fb1cba40efe9994b398,2019-04-01 08:25:58,23.63656,37.93802,188,84,0,0101000020E610000017F19D98F5A23740397F130A11F84240
98915,84872dde83fa3649fba717401ad1ceb3de83b0585f476fb1cba40efe9994b398,2019-04-01 08:43:58,23.63657,37.938,190,167,0,0101000020E61000005E9D6340F6A23740F2D24D6210F84240
100111,84872dde83fa3649fba717401ad1ceb3de83b0585f476fb1cba40efe9994b398,2019-04-01 08:49:58,23.63656,37.93801,190,352,0,0101000020E610000017F19D98F5A2374015A930B610F84240
96164,84872dde83fa3649fba717401ad1ceb3de83b0585f476fb1cba40efe9994b398,2019-04-01 08:31:58,23.63653,37.93803,188,80,0,0101000020E610000042EC4CA1F3A237405C55F65D11F84240
101294,84872dde83fa3649fba717401ad1ceb3de83b0585f476fb1cba40efe9994b398,2019-04-01 08:55:59,23.63656,37.93803,189,356,0,0101000020E610000017F19D98F5A237405C55F65D11F84240
97556,84872dde83fa3649fba717401ad1ceb3de83b0585f476fb1cba40efe9994b398,2019-04-01 08:37:58,23.63656,37.93801,189,10,0,0101000020E610000017F19D98F5A2374015A930B610F84240
102391,84872dde83fa3649fba717401ad1ceb3de83b0585f476fb1cba40efe9994b398,2019-04-01 09:01:57,23.63656,37.93802,189,356,0,0101000020E610000017F19D98F5A23740397F130A11F84240
103589,84872dde83fa3649fba717401ad1ceb3de83b0585f476fb1cba40efe9994b398,2019-04-01 09:07:58,23.63657,37.93802,188,3,0,0101000020E61000005E9D6340F6A23740397F130A11F84240
111040,84872dde83fa3649fba717401ad1ceb3de83b0585f476fb1cba40efe9994b398,2019-04-01 09:43:58,23.63661,37.93795,187,28,0,0101000020E61000007B4E7ADFF8A2374040A4DFBE0EF84240
112449,84872dde83fa3649fba717401ad1ceb3de83b0585f476fb1cba40efe9994b398,2019-04-01 09:49:58,23.63659,37.93795,188,254,0,0101000020E6100000EDF5EE8FF7A2374040A4DFBE0EF84240
104934,84872dde83fa3649fba717401ad1ceb3de83b0585f476fb1cba40efe9994b398,2019-04-01 09:13:58,23.63661,37.93798,188,0,0,0101000020E61000007B4E7ADFF8A23740AB2688BA0FF84240
106227,84872dde83fa3649fba717401ad1ceb3de83b0585f476fb1cba40efe9994b398,2019-04-01 09:19:57,23.63657,37.93802,188,1,0,0101000020E61000005E9D6340F6A23740397F130A11F84240
107488,84872dde83fa3649fba717401ad1ceb3de83b0585f476fb1cba40efe9994b398,2019-04-01 09:25:58,23.6366,37.93797,187,278,0,0101000020E610000034A2B437F8A237408750A5660FF84240
116326,84872dde83fa3649fba717401ad1ceb3de83b0585f476fb1cba40efe9994b398,2019-04-01 10:07:58,23.63658,37.93793,188,234,0,0101000020E6100000A54929E8F6A23740F9F719170EF84240
117786,84872dde83fa3649fba717401ad1ceb3de83b0585f476fb1cba40efe9994b398,2019-04-01 10:13:57,23.63657,37.93795,188,248,0,0101000020E61000005E9D6340F6A2374040A4DFBE0EF84240
108699,84872dde83fa3649fba717401ad1ceb3de83b0585f476fb1cba40efe9994b398,2019-04-01 09:31:57,23.63658,37.93796,187,247,0,0101000020E6100000A54929E8F6A23740637AC2120FF84240
119188,84872dde83fa3649fba717401ad1ceb3de83b0585f476fb1cba40efe9994b398,2019-04-01 10:19:57,23.63656,37.93795,188,332,0,0101000020E610000017F19D98F5A2374040A4DFBE0EF84240
132532,84872dde83fa3649fba717401ad1ceb3de83b0585f476fb1cba40efe9994b398,2019-04-01 11:13:57,23.63656,37.93791,188,210,0,0101000020E610000017F19D98F5A23740B24B546F0DF84240
133903,84872dde83fa3649fba717401ad1ceb3de83b0585f476fb1cba40efe9994b398,2019-04-01 11:19:57,23.63658,37.93793,188,209,0,0101000020E6100000A54929E8F6A23740F9F719170EF84240
120635,84872dde83fa3649fba717401ad1ceb3de83b0585f476fb1cba40efe9994b398,2019-04-01 10:25:57,23.63656,37.93792,188,263,0,0101000020E610000017F19D98F5A23740D52137C30DF84240
123617,84872dde83fa3649fba717401ad1ceb3de83b0585f476fb1cba40efe9994b398,2019-04-01 10:37:58,23.63645,37.93789,188,282,0,0101000020E6100000098A1F63EEA237406B9F8EC70CF84240
143804,84872dde83fa3649fba717401ad1ceb3de83b0585f476fb1cba40efe9994b398,2019-04-01 12:02:36,23.63704,37.94018,175,5,3.8,0101000020E61000006C3EAE0D15A33740382D78D157F84240
143830,84872dde83fa3649fba717401ad1ceb3de83b0585f476fb1cba40efe9994b398,2019-04-01 12:02:43,23.63703,37.94031,174,0,3.9,0101000020E61000002592E86514A33740060DFD135CF84240
135288,84872dde83fa3649fba717401ad1ceb3de83b0585f476fb1cba40efe9994b398,2019-04-01 11:25:58,23.63656,37.93791,188,191,0,0101000020E610000017F19D98F5A23740B24B546F0DF84240
143914,84872dde83fa3649fba717401ad1ceb3de83b0585f476fb1cba40efe9994b398,2019-04-01 12:03:02,23.63695,37.94064,175,351,3.9,0101000020E6100000EC2FBB270FA337409CA73AE466F84240
144011,84872dde83fa3649fba717401ad1ceb3de83b0585f476fb1cba40efe9994b398,2019-04-01 12:03:30,23.63676,37.94101,183,336,3.2,0101000020E6100000A5660FB402A33740BF9A030473F84240
144060,84872dde83fa3649fba717401ad1ceb3de83b0585f476fb1cba40efe9994b398,2019-04-01 12:03:43,23.63665,37.94116,188,332,2.7,0101000020E610000097FF907EFBA23740D5264EEE77F84240
144095,84872dde83fa3649fba717401ad1ceb3de83b0585f476fb1cba40efe9994b398,2019-04-01 12:03:50,23.63662,37.94121,190,331,2.6,0101000020E6100000C2FA3F87F9A237408655BC9179F84240
144116,84872dde83fa3649fba717401ad1ceb3de83b0585f476fb1cba40efe9994b398,2019-04-01 12:03:56,23.63657,37.94127,193,330,2.4,0101000020E61000005E9D6340F6A237405C5A0D897BF84240
144147,84872dde83fa3649fba717401ad1ceb3de83b0585f476fb1cba40efe9994b398,2019-04-01 12:04:02,23.63653,37.94132,194,329,2.2,0101000020E610000042EC4CA1F3A237400D897B2C7DF84240
144180,84872dde83fa3649fba717401ad1ceb3de83b0585f476fb1cba40efe9994b398,2019-04-01 12:04:10,23.63648,37.94137,197,326,2.1,0101000020E6100000DE8E705AF0A23740BFB7E9CF7EF84240
144202,84872dde83fa3649fba717401ad1ceb3de83b0585f476fb1cba40efe9994b398,2019-04-01 12:04:17,23.63643,37.94141,200,324,1.9,0101000020E61000007B319413EDA237404D10751F80F84240
144308,84872dde83fa3649fba717401ad1ceb3de83b0585f476fb1cba40efe9994b398,2019-04-01 12:04:43,23.63623,37.94153,211,304,1.6,0101000020E6100000EDBB22F8DFA23740F819170E84F84240
144341,84872dde83fa3649fba717401ad1ceb3de83b0585f476fb1cba40efe9994b398,2019-04-01 12:04:50,23.63618,37.94154,214,298,1.5,0101000020E6100000895E46B1DCA237401CF0F96184F84240
144368,84872dde83fa3649fba717401ad1ceb3de83b0585f476fb1cba40efe9994b398,2019-04-01 12:04:57,23.63612,37.94155,217,292,1.5,0101000020E6100000DE54A4C2D8A237403FC6DCB584F84240
144392,84872dde83fa3649fba717401ad1ceb3de83b0585f476fb1cba40efe9994b398,2019-04-01 12:05:02,23.63606,37.94156,220,287,1.5,0101000020E6100000344B02D4D4A23740639CBF0985F84240
144426,84872dde83fa3649fba717401ad1ceb3de83b0585f476fb1cba40efe9994b398,2019-04-01 12:05:09,23.63599,37.94157,223,281,1.6,0101000020E610000042959A3DD0A237408672A25D85F84240
144445,84872dde83fa3649fba717401ad1ceb3de83b0585f476fb1cba40efe9994b398,2019-04-01 12:05:16,23.63592,37.94157,227,277,1.6,0101000020E610000050DF32A7CBA237408672A25D85F84240
144466,84872dde83fa3649fba717401ad1ceb3de83b0585f476fb1cba40efe9994b398,2019-04-01 12:05:23,23.63586,37.94157,230,275,1.7,0101000020E6100000A6D590B8C7A237408672A25D85F84240
144501,84872dde83fa3649fba717401ad1ceb3de83b0585f476fb1cba40efe9994b398,2019-04-01 12:05:29,23.63578,37.94157,232,272,1.8,0101000020E61000006D73637AC2A237408672A25D85F84240
144547,84872dde83fa3649fba717401ad1ceb3de83b0585f476fb1cba40efe9994b398,2019-04-01 12:05:43,23.63562,37.94157,239,269,2,0101000020E6100000FBAE08FEB7A237408672A25D85F84240
144574,84872dde83fa3649fba717401ad1ceb3de83b0585f476fb1cba40efe9994b398,2019-04-01 12:05:50,23.63555,37.94156,242,268,2,0101000020E610000009F9A067B3A23740639CBF0985F84240
144600,84872dde83fa3649fba717401ad1ceb3de83b0585f476fb1cba40efe9994b398,2019-04-01 12:05:56,23.63546,37.94157,245,266,2,0101000020E610000089EAAD81ADA237408672A25D85F84240
144624,84872dde83fa3649fba717401ad1ceb3de83b0585f476fb1cba40efe9994b398,2019-04-01 12:06:02,23.63538,37.94156,247,265,2.1,0101000020E610000051888043A8A23740639CBF0985F84240
144663,84872dde83fa3649fba717401ad1ceb3de83b0585f476fb1cba40efe9994b398,2019-04-01 12:06:09,23.63528,37.94155,249,262,2.2,0101000020E61000008ACDC7B5A1A237403FC6DCB584F84240
144708,84872dde83fa3649fba717401ad1ceb3de83b0585f476fb1cba40efe9994b398,2019-04-01 12:06:23,23.63507,37.94151,251,258,2.6,0101000020E6100000B4AB90F293A23740B16D516683F84240
144737,84872dde83fa3649fba717401ad1ceb3de83b0585f476fb1cba40efe9994b398,2019-04-01 12:06:29,23.63495,37.94148,252,255,2.9,0101000020E61000005F984C158CA2374046EBA86A82F84240
144794,84872dde83fa3649fba717401ad1ceb3de83b0585f476fb1cba40efe9994b398,2019-04-01 12:06:43,23.63466,37.9414,254,253,3.5,0101000020E61000005114E81379A237402A3A92CB7FF84240
144872,84872dde83fa3649fba717401ad1ceb3de83b0585f476fb1cba40efe9994b398,2019-04-01 12:07:02,23.63417,37.94129,255,253,4.4,0101000020E6100000B51A12F758A23740A306D3307CF84240
144949,84872dde83fa3649fba717401ad1ceb3de83b0585f476fb1cba40efe9994b398,2019-04-01 12:07:23,23.63357,37.94114,255,253,5.4,0101000020E61000000ABABDA431A237408D7A884677F84240
136782,84872dde83fa3649fba717401ad1ceb3de83b0585f476fb1cba40efe9994b398,2019-04-01 11:32:03,23.63652,37.93787,188,198,0,0101000020E6100000FB3F87F9F2A2374023F3C81F0CF84240
136869,84872dde83fa3649fba717401ad1ceb3de83b0585f476fb1cba40efe9994b398,2019-04-01 11:32:23,23.63652,37.93788,188,194,0,0101000020E6100000FB3F87F9F2A2374047C9AB730CF84240
136962,84872dde83fa3649fba717401ad1ceb3de83b0585f476fb1cba40efe9994b398,2019-04-01 11:32:44,23.63653,37.93788,188,204,0,0101000020E610000042EC4CA1F3A2374047C9AB730CF84240
137045,84872dde83fa3649fba717401ad1ceb3de83b0585f476fb1cba40efe9994b398,2019-04-01 11:33:03,23.63654,37.93788,188,203,0,0101000020E610000089981249F4A2374047C9AB730CF84240
137125,84872dde83fa3649fba717401ad1ceb3de83b0585f476fb1cba40efe9994b398,2019-04-01 11:33:23,23.63654,37.93788,188,203,0,0101000020E610000089981249F4A2374047C9AB730CF84240
137203,84872dde83fa3649fba717401ad1ceb3de83b0585f476fb1cba40efe9994b398,2019-04-01 11:33:44,23.63654,37.93788,188,202,0,0101000020E610000089981249F4A2374047C9AB730CF84240
137279,84872dde83fa3649fba717401ad1ceb3de83b0585f476fb1cba40efe9994b398,2019-04-01 11:34:03,23.63655,37.93788,188,192,0,0101000020E6100000D044D8F0F4A2374047C9AB730CF84240
137423,84872dde83fa3649fba717401ad1ceb3de83b0585f476fb1cba40efe9994b398,2019-04-01 11:34:44,23.63656,37.93789,188,182,0,0101000020E610000017F19D98F5A237406B9F8EC70CF84240
137498,84872dde83fa3649fba717401ad1ceb3de83b0585f476fb1cba40efe9994b398,2019-04-01 11:35:03,23.63656,37.93788,188,179,0,0101000020E610000017F19D98F5A2374047C9AB730CF84240
145362,84872dde83fa3649fba717401ad1ceb3de83b0585f476fb1cba40efe9994b398,2019-04-01 12:09:02,23.62955,37.94022,255,254,7.6,0101000020E6100000613255302AA13740C685032159F84240
137649,84872dde83fa3649fba717401ad1ceb3de83b0585f476fb1cba40efe9994b398,2019-04-01 11:35:44,23.63655,37.93788,188,195,0,0101000020E6100000D044D8F0F4A2374047C9AB730CF84240
145611,84872dde83fa3649fba717401ad1ceb3de83b0585f476fb1cba40efe9994b398,2019-04-01 12:10:02,23.62698,37.93954,249,249,7.8,0101000020E6100000FF3EE3C281A0374055A4C2D842F84240
145780,84872dde83fa3649fba717401ad1ceb3de83b0585f476fb1cba40efe9994b398,2019-04-01 12:10:44,23.62502,37.93891,248,248,9.2,0101000020E61000008E588B4F01A0374095F1EF332EF84240
145856,84872dde83fa3649fba717401ad1ceb3de83b0585f476fb1cba40efe9994b398,2019-04-01 12:11:02,23.62399,37.93856,247,247,9.9,0101000020E6100000F20703CFBD9F3740B9AAECBB22F84240
137784,84872dde83fa3649fba717401ad1ceb3de83b0585f476fb1cba40efe9994b398,2019-04-01 11:36:23,23.63656,37.93789,188,199,0,0101000020E610000017F19D98F5A237406B9F8EC70CF84240
137850,84872dde83fa3649fba717401ad1ceb3de83b0585f476fb1cba40efe9994b398,2019-04-01 11:36:44,23.63656,37.9379,188,198,0,0101000020E610000017F19D98F5A237408E75711B0DF84240
137916,84872dde83fa3649fba717401ad1ceb3de83b0585f476fb1cba40efe9994b398,2019-04-01 11:37:03,23.63656,37.9379,188,192,0,0101000020E610000017F19D98F5A237408E75711B0DF84240
138085,84872dde83fa3649fba717401ad1ceb3de83b0585f476fb1cba40efe9994b398,2019-04-01 11:37:44,23.63656,37.93789,188,199,0,0101000020E610000017F19D98F5A237406B9F8EC70CF84240
138162,84872dde83fa3649fba717401ad1ceb3de83b0585f476fb1cba40efe9994b398,2019-04-01 11:38:03,23.63656,37.93789,188,203,0,0101000020E610000017F19D98F5A237406B9F8EC70CF84240
145941,84872dde83fa3649fba717401ad1ceb3de83b0585f476fb1cba40efe9994b398,2019-04-01 12:11:24,23.62278,37.93816,249,247,10.6,0101000020E6100000569A94826E9F37402B357BA015F84240
146021,84872dde83fa3649fba717401ad1ceb3de83b0585f476fb1cba40efe9994b398,2019-04-01 12:11:44,23.62157,37.93779,250,249,11.1,0101000020E6100000BA2C26361F9F37400742B28009F84240
138236,84872dde83fa3649fba717401ad1ceb3de83b0585f476fb1cba40efe9994b398,2019-04-01 11:38:22,23.63656,37.93789,188,198,0,0101000020E610000017F19D98F5A237406B9F8EC70CF84240
146106,84872dde83fa3649fba717401ad1ceb3de83b0585f476fb1cba40efe9994b398,2019-04-01 12:12:03,23.6203,37.9374,249,249,11.5,0101000020E610000074B515FBCB9E37409CA223B9FCF74240
138397,84872dde83fa3649fba717401ad1ceb3de83b0585f476fb1cba40efe9994b398,2019-04-01 11:39:03,23.63653,37.93786,188,200,0,0101000020E610000042EC4CA1F3A23740001DE6CB0BF84240
138463,84872dde83fa3649fba717401ad1ceb3de83b0585f476fb1cba40efe9994b398,2019-04-01 11:39:22,23.63649,37.93783,188,190,0,0101000020E6100000253B3602F1A23740959A3DD00AF84240
146230,84872dde83fa3649fba717401ad1ceb3de83b0585f476fb1cba40efe9994b398,2019-04-01 12:12:30,23.61876,37.93668,232,239,11.8,0101000020E6100000AE122C0E679E37409D685721E5F74240
146258,84872dde83fa3649fba717401ad1ceb3de83b0585f476fb1cba40efe9994b398,2019-04-01 12:12:36,23.6184,37.93643,226,235,11.8,0101000020E6100000AED85F764F9E3740247F30F0DCF74240
146289,84872dde83fa3649fba717401ad1ceb3de83b0585f476fb1cba40efe9994b398,2019-04-01 12:12:44,23.61808,37.93615,220,229,11.7,0101000020E6100000CA4FAA7D3A9E3740401361C3D3F74240
146316,84872dde83fa3649fba717401ad1ceb3de83b0585f476fb1cba40efe9994b398,2019-04-01 12:12:50,23.61778,37.93586,214,225,11.6,0101000020E6100000751F80D4269E374039D1AE42CAF74240
138622,84872dde83fa3649fba717401ad1ceb3de83b0585f476fb1cba40efe9994b398,2019-04-01 11:40:02,23.63652,37.93785,188,187,0,0101000020E6100000FB3F87F9F2A23740DC4603780BF84240
146370,84872dde83fa3649fba717401ad1ceb3de83b0585f476fb1cba40efe9994b398,2019-04-01 12:13:03,23.61733,37.93526,204,214,11.5,0101000020E6100000F5D6C056099E3740E4A08499B6F74240
146400,84872dde83fa3649fba717401ad1ceb3de83b0585f476fb1cba40efe9994b398,2019-04-01 12:13:10,23.61711,37.93492,200,211,11.6,0101000020E6100000D908C4EBFA9D37402B306475ABF74240
138697,84872dde83fa3649fba717401ad1ceb3de83b0585f476fb1cba40efe9994b398,2019-04-01 11:40:22,23.63653,37.93786,188,185,0,0101000020E610000042EC4CA1F3A23740001DE6CB0BF84240
146418,84872dde83fa3649fba717401ad1ceb3de83b0585f476fb1cba40efe9994b398,2019-04-01 12:13:16,23.61695,37.93462,198,207,11.6,0101000020E61000006744696FF09D37400118CFA0A1F74240
146475,84872dde83fa3649fba717401ad1ceb3de83b0585f476fb1cba40efe9994b398,2019-04-01 12:13:30,23.61662,37.93389,195,202,11.8,0101000020E61000003D0FEECEDA9D3740DD0720B589F74240
138842,84872dde83fa3649fba717401ad1ceb3de83b0585f476fb1cba40efe9994b398,2019-04-01 11:41:02,23.63653,37.93787,188,180,0,0101000020E610000042EC4CA1F3A2374023F3C81F0CF84240
146553,84872dde83fa3649fba717401ad1ceb3de83b0585f476fb1cba40efe9994b398,2019-04-01 12:13:50,23.61623,37.93284,192,197,12.5,0101000020E610000068D0D03FC19D37404833164D67F74240
146576,84872dde83fa3649fba717401ad1ceb3de83b0585f476fb1cba40efe9994b398,2019-04-01 12:13:57,23.6161,37.93243,191,195,12.6,0101000020E6100000CB10C7BAB89D374096E7C1DD59F74240
138906,84872dde83fa3649fba717401ad1ceb3de83b0585f476fb1cba40efe9994b398,2019-04-01 11:41:22,23.63653,37.93787,188,209,0,0101000020E610000042EC4CA1F3A2374023F3C81F0CF84240
146684,84872dde83fa3649fba717401ad1ceb3de83b0585f476fb1cba40efe9994b398,2019-04-01 12:14:24,23.61571,37.93079,185,191,13.4,0101000020E6100000F6D1A92B9F9D3740D0B8702024F74240
146704,84872dde83fa3649fba717401ad1ceb3de83b0585f476fb1cba40efe9994b398,2019-04-01 12:14:30,23.61566,37.93041,184,189,13.6,0101000020E61000009274CDE49B9D374089EFC4AC17F74240
146753,84872dde83fa3649fba717401ad1ceb3de83b0585f476fb1cba40efe9994b398,2019-04-01 12:14:44,23.61557,37.9295,181,185,13.9,0101000020E61000001366DAFE959D3740E5D022DBF9F64240
146783,84872dde83fa3649fba717401ad1ceb3de83b0585f476fb1cba40efe9994b398,2019-04-01 12:14:50,23.61555,37.92911,180,184,14,0101000020E6100000840D4FAF949D37407B319413EDF64240
146810,84872dde83fa3649fba717401ad1ceb3de83b0585f476fb1cba40efe9994b398,2019-04-01 12:14:56,23.61552,37.92865,180,183,14.1,0101000020E6100000AF08FEB7929D374017B7D100DEF64240
139124,84872dde83fa3649fba717401ad1ceb3de83b0585f476fb1cba40efe9994b398,2019-04-01 11:42:22,23.63655,37.9379,188,179,0,0101000020E6100000D044D8F0F4A237408E75711B0DF84240
146841,84872dde83fa3649fba717401ad1ceb3de83b0585f476fb1cba40efe9994b398,2019-04-01 12:15:03,23.6155,37.92818,180,182,14.3,0101000020E610000021B07268919D374090662C9ACEF64240
139197,84872dde83fa3649fba717401ad1ceb3de83b0585f476fb1cba40efe9994b398,2019-04-01 11:42:42,23.63656,37.93791,188,210,0,0101000020E610000017F19D98F5A23740B24B546F0DF84240
146926,84872dde83fa3649fba717401ad1ceb3de83b0585f476fb1cba40efe9994b398,2019-04-01 12:15:24,23.61545,37.92682,180,182,14.6,0101000020E6100000BD5296218E9D3740ADA3AA09A2F64240
146972,84872dde83fa3649fba717401ad1ceb3de83b0585f476fb1cba40efe9994b398,2019-04-01 12:15:34,23.61542,37.92606,180,182,14.8,0101000020E6100000E84D452A8C9D37401F11532289F64240
147002,84872dde83fa3649fba717401ad1ceb3de83b0585f476fb1cba40efe9994b398,2019-04-01 12:15:44,23.6154,37.92542,180,181,15,0101000020E61000005AF5B9DA8A9D37403C889D2974F64240
147022,84872dde83fa3649fba717401ad1ceb3de83b0585f476fb1cba40efe9994b398,2019-04-01 12:15:47,23.6154,37.92521,180,181,15.1,0101000020E61000005AF5B9DA8A9D374051F701486DF64240
147067,84872dde83fa3649fba717401ad1ceb3de83b0585f476fb1cba40efe9994b398,2019-04-01 12:15:59,23.61537,37.92428,180,181,15.3,0101000020E610000084F068E3889D3740672C9ACE4EF64240
139338,84872dde83fa3649fba717401ad1ceb3de83b0585f476fb1cba40efe9994b398,2019-04-01 11:43:22,23.63657,37.93791,188,187,0,0101000020E61000005E9D6340F6A23740B24B546F0DF84240
147112,84872dde83fa3649fba717401ad1ceb3de83b0585f476fb1cba40efe9994b398,2019-04-01 12:16:11,23.61536,37.92341,180,181,15.5,0101000020E61000003D44A33B889D37405166834C32F64240
139420,84872dde83fa3649fba717401ad1ceb3de83b0585f476fb1cba40efe9994b398,2019-04-01 11:43:42,23.63656,37.93791,188,186,0,0101000020E610000017F19D98F5A23740B24B546F0DF84240
147161,84872dde83fa3649fba717401ad1ceb3de83b0585f476fb1cba40efe9994b398,2019-04-01 12:16:23,23.61534,37.92253,180,181,15.8,0101000020E6100000AFEB17EC869D374019CA897615F64240
147209,84872dde83fa3649fba717401ad1ceb3de83b0585f476fb1cba40efe9994b398,2019-04-01 12:16:34,23.61531,37.92171,180,181,15.9,0101000020E6100000DAE6C6F4849D3740B532E197FAF54240
139500,84872dde83fa3649fba717401ad1ceb3de83b0585f476fb1cba40efe9994b398,2019-04-01 11:44:04,23.63657,37.93791,188,189,0,0101000020E61000005E9D6340F6A23740B24B546F0DF84240
139559,84872dde83fa3649fba717401ad1ceb3de83b0585f476fb1cba40efe9994b398,2019-04-01 11:44:22,23.63656,37.93791,188,211,0,0101000020E610000017F19D98F5A23740B24B546F0DF84240
147253,84872dde83fa3649fba717401ad1ceb3de83b0585f476fb1cba40efe9994b398,2019-04-01 12:16:47,23.6153,37.92081,180,181,16.1,0101000020E6100000933A014D849D374036EA211ADDF54240
139633,84872dde83fa3649fba717401ad1ceb3de83b0585f476fb1cba40efe9994b398,2019-04-01 11:44:42,23.63656,37.93791,188,201,0,0101000020E610000017F19D98F5A23740B24B546F0DF84240
147314,84872dde83fa3649fba717401ad1ceb3de83b0585f476fb1cba40efe9994b398,2019-04-01 12:16:59,23.61527,37.91982,180,181,16.3,0101000020E6100000BD35B055829D3740761A69A9BCF54240
147372,84872dde83fa3649fba717401ad1ceb3de83b0585f476fb1cba40efe9994b398,2019-04-01 12:17:11,23.61525,37.9189,180,181,16.5,0101000020E61000002FDD2406819D3740AF25E4839EF54240
139715,84872dde83fa3649fba717401ad1ceb3de83b0585f476fb1cba40efe9994b398,2019-04-01 11:45:04,23.63655,37.9379,188,218,0,0101000020E6100000D044D8F0F4A237408E75711B0DF84240
147416,84872dde83fa3649fba717401ad1ceb3de83b0585f476fb1cba40efe9994b398,2019-04-01 12:17:23,23.61523,37.91797,180,181,16.6,0101000020E6100000A18499B67F9D3740C45A7C0A80F54240
139783,84872dde83fa3649fba717401ad1ceb3de83b0585f476fb1cba40efe9994b398,2019-04-01 11:45:23,23.63655,37.9379,188,166,0,0101000020E6100000D044D8F0F4A237408E75711B0DF84240
139835,84872dde83fa3649fba717401ad1ceb3de83b0585f476fb1cba40efe9994b398,2019-04-01 11:45:42,23.63655,37.93789,188,179,0,0101000020E6100000D044D8F0F4A237406B9F8EC70CF84240
139916,84872dde83fa3649fba717401ad1ceb3de83b0585f476fb1cba40efe9994b398,2019-04-01 11:46:04,23.63655,37.93789,188,179,0,0101000020E6100000D044D8F0F4A237406B9F8EC70CF84240
139977,84872dde83fa3649fba717401ad1ceb3de83b0585f476fb1cba40efe9994b398,2019-04-01 11:46:23,23.63656,37.93789,188,191,0,0101000020E610000017F19D98F5A237406B9F8EC70CF84240
140046,84872dde83fa3649fba717401ad1ceb3de83b0585f476fb1cba40efe9994b398,2019-04-01 11:46:42,23.63656,37.9379,188,199,0,0101000020E610000017F19D98F5A237408E75711B0DF84240
140124,84872dde83fa3649fba717401ad1ceb3de83b0585f476fb1cba40efe9994b398,2019-04-01 11:47:04,23.63657,37.93791,188,196,0,0101000020E61000005E9D6340F6A23740B24B546F0DF84240
140200,84872dde83fa3649fba717401ad1ceb3de83b0585f476fb1cba40efe9994b398,2019-04-01 11:47:23,23.63657,37.9379,188,183,0,0101000020E61000005E9D6340F6A237408E75711B0DF84240
147459,84872dde83fa3649fba717401ad1ceb3de83b0585f476fb1cba40efe9994b398,2019-04-01 12:17:34,23.61521,37.91711,180,181,16.7,0101000020E6100000132C0E677E9D3740D36A48DC63F54240
147613,84872dde83fa3649fba717401ad1ceb3de83b0585f476fb1cba40efe9994b398,2019-04-01 12:18:11,23.61513,37.91421,180,181,17,0101000020E6100000DAC9E028799D37408CD651D504F54240
147747,84872dde83fa3649fba717401ad1ceb3de83b0585f476fb1cba40efe9994b398,2019-04-01 12:18:47,23.61506,37.91141,180,181,17.3,0101000020E6100000E8137992749D3740A99F3715A9F44240
147797,84872dde83fa3649fba717401ad1ceb3de83b0585f476fb1cba40efe9994b398,2019-04-01 12:18:59,23.61503,37.91036,180,181,17.3,0101000020E6100000130F289B729D374014CB2DAD86F44240
147924,84872dde83fa3649fba717401ad1ceb3de83b0585f476fb1cba40efe9994b398,2019-04-01 12:19:34,23.61496,37.90753,180,181,17.5,0101000020E61000002159C0046E9D3740C7116BF129F44240
140265,84872dde83fa3649fba717401ad1ceb3de83b0585f476fb1cba40efe9994b398,2019-04-01 11:47:42,23.63657,37.9379,188,157,0,0101000020E61000005E9D6340F6A237408E75711B0DF84240
140332,84872dde83fa3649fba717401ad1ceb3de83b0585f476fb1cba40efe9994b398,2019-04-01 11:48:04,23.63657,37.93789,188,147,0,0101000020E61000005E9D6340F6A237406B9F8EC70CF84240
140412,84872dde83fa3649fba717401ad1ceb3de83b0585f476fb1cba40efe9994b398,2019-04-01 11:48:23,23.63657,37.9379,188,188,0,0101000020E61000005E9D6340F6A237408E75711B0DF84240
140478,84872dde83fa3649fba717401ad1ceb3de83b0585f476fb1cba40efe9994b398,2019-04-01 11:48:42,23.63658,37.9379,188,192,0,0101000020E6100000A54929E8F6A237408E75711B0DF84240
140557,84872dde83fa3649fba717401ad1ceb3de83b0585f476fb1cba40efe9994b398,2019-04-01 11:49:03,23.63658,37.93791,188,179,0,0101000020E6100000A54929E8F6A23740B24B546F0DF84240
140722,84872dde83fa3649fba717401ad1ceb3de83b0585f476fb1cba40efe9994b398,2019-04-01 11:49:44,23.63658,37.93792,188,189,0,0101000020E6100000A54929E8F6A23740D52137C30DF84240
147975,84872dde83fa3649fba717401ad1ceb3de83b0585f476fb1cba40efe9994b398,2019-04-01 12:19:47,23.61493,37.90655,180,181,17.6,0101000020E61000004C546F0D6C9D37402B1895D409F44240
148132,84872dde83fa3649fba717401ad1ceb3de83b0585f476fb1cba40efe9994b398,2019-04-01 12:20:23,23.61481,37.90352,180,182,17.7,0101000020E6100000F6402B30649D374016A4198BA6F34240
148179,84872dde83fa3649fba717401ad1ceb3de83b0585f476fb1cba40efe9994b398,2019-04-01 12:20:34,23.61478,37.90262,180,182,17.7,0101000020E6100000213CDA38629D3740965B5A0D89F34240
148293,84872dde83fa3649fba717401ad1ceb3de83b0585f476fb1cba40efe9994b398,2019-04-01 12:20:59,23.6147,37.90056,180,182,17.8,0101000020E6100000E8D9ACFA5C9D3740FA0AD28C45F34240
148394,84872dde83fa3649fba717401ad1ceb3de83b0585f476fb1cba40efe9994b398,2019-04-01 12:21:23,23.61463,37.89858,180,182,17.8,0101000020E6100000F6234564589D37407B6B60AB04F34240
148448,84872dde83fa3649fba717401ad1ceb3de83b0585f476fb1cba40efe9994b398,2019-04-01 12:21:34,23.61459,37.89767,180,182,17.8,0101000020E6100000DA722EC5559D3740D74CBED9E6F24240
148491,84872dde83fa3649fba717401ad1ceb3de83b0585f476fb1cba40efe9994b398,2019-04-01 12:21:47,23.61455,37.8966,180,182,17.8,0101000020E6100000BEC11726539D3740FBCBEEC9C3F24240
140797,84872dde83fa3649fba717401ad1ceb3de83b0585f476fb1cba40efe9994b398,2019-04-01 11:50:03,23.63657,37.93791,188,181,0,0101000020E61000005E9D6340F6A23740B24B546F0DF84240
140887,84872dde83fa3649fba717401ad1ceb3de83b0585f476fb1cba40efe9994b398,2019-04-01 11:50:23,23.63657,37.93791,188,190,0,0101000020E61000005E9D6340F6A23740B24B546F0DF84240
140963,84872dde83fa3649fba717401ad1ceb3de83b0585f476fb1cba40efe9994b398,2019-04-01 11:50:44,23.63657,37.93791,188,185,0,0101000020E61000005E9D6340F6A23740B24B546F0DF84240
141129,84872dde83fa3649fba717401ad1ceb3de83b0585f476fb1cba40efe9994b398,2019-04-01 11:51:23,23.63657,37.93791,188,238,0,0101000020E61000005E9D6340F6A23740B24B546F0DF84240
148543,84872dde83fa3649fba717401ad1ceb3de83b0585f476fb1cba40efe9994b398,2019-04-01 12:21:59,23.61452,37.8956,180,182,17.9,0101000020E6100000E8BCC62E519D374018265305A3F24240
148596,84872dde83fa3649fba717401ad1ceb3de83b0585f476fb1cba40efe9994b398,2019-04-01 12:22:11,23.61449,37.89461,180,182,17.9,0101000020E610000013B875374F9D374058569A9482F24240
148648,84872dde83fa3649fba717401ad1ceb3de83b0585f476fb1cba40efe9994b398,2019-04-01 12:22:23,23.61445,37.89362,180,182,17.9,0101000020E6100000F7065F984C9D37409886E12362F24240
148702,84872dde83fa3649fba717401ad1ceb3de83b0585f476fb1cba40efe9994b398,2019-04-01 12:22:35,23.61442,37.89262,180,181,17.9,0101000020E610000021020EA14A9D3740B5E0455F41F24240
148747,84872dde83fa3649fba717401ad1ceb3de83b0585f476fb1cba40efe9994b398,2019-04-01 12:22:47,23.6144,37.89163,180,181,17.9,0101000020E610000093A98251499D3740F5108DEE20F24240
148841,84872dde83fa3649fba717401ad1ceb3de83b0585f476fb1cba40efe9994b398,2019-04-01 12:23:11,23.61434,37.88964,180,181,17.9,0101000020E6100000E89FE062459D3740529B38B9DFF14240
141213,84872dde83fa3649fba717401ad1ceb3de83b0585f476fb1cba40efe9994b398,2019-04-01 11:51:44,23.63657,37.93792,188,214,0,0101000020E61000005E9D6340F6A23740D52137C30DF84240
141293,84872dde83fa3649fba717401ad1ceb3de83b0585f476fb1cba40efe9994b398,2019-04-01 11:52:03,23.63659,37.93793,188,202,0,0101000020E6100000EDF5EE8FF7A23740F9F719170EF84240
141373,84872dde83fa3649fba717401ad1ceb3de83b0585f476fb1cba40efe9994b398,2019-04-01 11:52:23,23.63655,37.9379,188,195,0,0101000020E6100000D044D8F0F4A237408E75711B0DF84240
141450,84872dde83fa3649fba717401ad1ceb3de83b0585f476fb1cba40efe9994b398,2019-04-01 11:52:44,23.63658,37.93792,188,195,0,0101000020E6100000A54929E8F6A23740D52137C30DF84240
148939,84872dde83fa3649fba717401ad1ceb3de83b0585f476fb1cba40efe9994b398,2019-04-01 12:23:35,23.6143,37.88764,180,181,18,0101000020E6100000CCEEC9C3429D37408B4F01309EF14240
148988,84872dde83fa3649fba717401ad1ceb3de83b0585f476fb1cba40efe9994b398,2019-04-01 12:23:47,23.61427,37.88664,180,181,18,0101000020E6100000F7E978CC409D3740A8A9656B7DF14240
149037,84872dde83fa3649fba717401ad1ceb3de83b0585f476fb1cba40efe9994b398,2019-04-01 12:23:59,23.61424,37.88564,180,181,18,0101000020E610000021E527D53E9D3740C503CAA65CF14240
149141,84872dde83fa3649fba717401ad1ceb3de83b0585f476fb1cba40efe9994b398,2019-04-01 12:24:23,23.61424,37.88364,178,180,18,0101000020E610000021E527D53E9D3740FEB7921D1BF14240
149185,84872dde83fa3649fba717401ad1ceb3de83b0585f476fb1cba40efe9994b398,2019-04-01 12:24:35,23.61424,37.88264,179,180,18,0101000020E610000021E527D53E9D37401B12F758FAF04240
141541,84872dde83fa3649fba717401ad1ceb3de83b0585f476fb1cba40efe9994b398,2019-04-01 11:53:03,23.6366,37.93795,188,205,0,0101000020E610000034A2B437F8A2374040A4DFBE0EF84240
141761,84872dde83fa3649fba717401ad1ceb3de83b0585f476fb1cba40efe9994b398,2019-04-01 11:54:03,23.63657,37.9379,188,197,0,0101000020E61000005E9D6340F6A237408E75711B0DF84240
149235,84872dde83fa3649fba717401ad1ceb3de83b0585f476fb1cba40efe9994b398,2019-04-01 12:24:47,23.61425,37.88164,178,180,18,0101000020E61000006891ED7C3F9D3740376C5B94D9F04240
149339,84872dde83fa3649fba717401ad1ceb3de83b0585f476fb1cba40efe9994b398,2019-04-01 12:25:11,23.61426,37.87965,178,180,18,0101000020E6100000B03DB324409D374094F6065F98F04240
149383,84872dde83fa3649fba717401ad1ceb3de83b0585f476fb1cba40efe9994b398,2019-04-01 12:25:22,23.61428,37.87873,178,179,18,0101000020E61000003E963E74419D3740CD0182397AF04240
149434,84872dde83fa3649fba717401ad1ceb3de83b0585f476fb1cba40efe9994b398,2019-04-01 12:25:35,23.61429,37.87765,178,179,18,0101000020E61000008542041C429D3740CEAACFD556F04240
149486,84872dde83fa3649fba717401ad1ceb3de83b0585f476fb1cba40efe9994b398,2019-04-01 12:25:47,23.61431,37.87665,178,179,18,0101000020E6100000139B8F6B439D3740EA04341136F04240
149534,84872dde83fa3649fba717401ad1ceb3de83b0585f476fb1cba40efe9994b398,2019-04-01 12:25:59,23.61432,37.87574,178,179,18,0101000020E61000005A475513449D374047E6913F18F04240
149633,84872dde83fa3649fba717401ad1ceb3de83b0585f476fb1cba40efe9994b398,2019-04-01 12:26:22,23.61436,37.87374,178,179,17.9,0101000020E610000077F86BB2469D3740809A5AB6D6EF4240
149684,84872dde83fa3649fba717401ad1ceb3de83b0585f476fb1cba40efe9994b398,2019-04-01 12:26:35,23.61438,37.87266,178,179,17.9,0101000020E61000000551F701489D37408143A852B3EF4240
149734,84872dde83fa3649fba717401ad1ceb3de83b0585f476fb1cba40efe9994b398,2019-04-01 12:26:47,23.6144,37.87166,178,179,17.9,0101000020E610000093A98251499D37409D9D0C8E92EF4240
141932,84872dde83fa3649fba717401ad1ceb3de83b0585f476fb1cba40efe9994b398,2019-04-01 11:54:44,23.63657,37.9379,188,241,0,0101000020E61000005E9D6340F6A237408E75711B0DF84240
142004,84872dde83fa3649fba717401ad1ceb3de83b0585f476fb1cba40efe9994b398,2019-04-01 11:55:03,23.63656,37.9379,188,200,0,0101000020E610000017F19D98F5A237408E75711B0DF84240
142255,84872dde83fa3649fba717401ad1ceb3de83b0585f476fb1cba40efe9994b398,2019-04-01 11:56:03,23.63657,37.9379,188,214,0,0101000020E61000005E9D6340F6A237408E75711B0DF84240
149852,84872dde83fa3649fba717401ad1ceb3de83b0585f476fb1cba40efe9994b398,2019-04-01 12:27:11,23.61444,37.86967,178,179,17.9,0101000020E6100000AF5A99F04B9D3740FA27B85851EF4240
149893,84872dde83fa3649fba717401ad1ceb3de83b0585f476fb1cba40efe9994b398,2019-04-01 12:27:22,23.61446,37.86876,178,179,17.9,0101000020E61000003EB324404D9D37405709168733EF4240
150047,84872dde83fa3649fba717401ad1ceb3de83b0585f476fb1cba40efe9994b398,2019-04-01 12:27:59,23.61451,37.86577,178,179,17.9,0101000020E6100000A1100187509D3740D0ED258DD1EE4240
150097,84872dde83fa3649fba717401ad1ceb3de83b0585f476fb1cba40efe9994b398,2019-04-01 12:28:11,23.61453,37.86469,178,179,17.9,0101000020E61000002F698CD6519D3740D1967329AEEE4240
150145,84872dde83fa3649fba717401ad1ceb3de83b0585f476fb1cba40efe9994b398,2019-04-01 12:28:22,23.61454,37.86378,178,179,17.9,0101000020E61000007715527E529D37402D78D15790EE4240
150197,84872dde83fa3649fba717401ad1ceb3de83b0585f476fb1cba40efe9994b398,2019-04-01 12:28:35,23.61456,37.8627,178,179,17.9,0101000020E6100000056EDDCD539D37402D211FF46CEE4240
150255,84872dde83fa3649fba717401ad1ceb3de83b0585f476fb1cba40efe9994b398,2019-04-01 12:28:47,23.61457,37.86171,179,179,17.9,0101000020E61000004C1AA375549D37406E5166834CEE4240
150313,84872dde83fa3649fba717401ad1ceb3de83b0585f476fb1cba40efe9994b398,2019-04-01 12:28:59,23.61458,37.86079,178,180,17.9,0101000020E610000093C6681D559D3740A75CE15D2EEE4240
150372,84872dde83fa3649fba717401ad1ceb3de83b0585f476fb1cba40efe9994b398,2019-04-01 12:29:11,23.61459,37.85972,178,179,17.9,0101000020E6100000DA722EC5559D3740CBDB114E0BEE4240
150443,84872dde83fa3649fba717401ad1ceb3de83b0585f476fb1cba40efe9994b398,2019-04-01 12:29:22,23.61461,37.85881,178,179,17.9,0101000020E610000068CBB914579D374027BD6F7CEDED4240
150551,84872dde83fa3649fba717401ad1ceb3de83b0585f476fb1cba40efe9994b398,2019-04-01 12:29:47,23.61464,37.85673,178,179,17.9,0101000020E61000003ED00A0C599D374044C02154A9ED4240
142511,84872dde83fa3649fba717401ad1ceb3de83b0585f476fb1cba40efe9994b398,2019-04-01 11:57:02,23.63658,37.9379,188,208,0,0101000020E6100000A54929E8F6A237408E75711B0DF84240
142595,84872dde83fa3649fba717401ad1ceb3de83b0585f476fb1cba40efe9994b398,2019-04-01 11:57:24,23.63658,37.93791,188,91,0,0101000020E6100000A54929E8F6A23740B24B546F0DF84240
142758,84872dde83fa3649fba717401ad1ceb3de83b0585f476fb1cba40efe9994b398,2019-04-01 11:58:02,23.63658,37.93791,188,287,0,0101000020E6100000A54929E8F6A23740B24B546F0DF84240
142834,84872dde83fa3649fba717401ad1ceb3de83b0585f476fb1cba40efe9994b398,2019-04-01 11:58:24,23.63659,37.93794,189,324,0,0101000020E6100000EDF5EE8FF7A237401CCEFC6A0EF84240
142919,84872dde83fa3649fba717401ad1ceb3de83b0585f476fb1cba40efe9994b398,2019-04-01 11:58:43,23.63661,37.93796,189,3,0.2,0101000020E61000007B4E7ADFF8A23740637AC2120FF84240
150613,84872dde83fa3649fba717401ad1ceb3de83b0585f476fb1cba40efe9994b398,2019-04-01 12:29:59,23.61466,37.85582,178,179,17.9,0101000020E6100000CC28965B5A9D3740A1A17F828BED4240
150711,84872dde83fa3649fba717401ad1ceb3de83b0585f476fb1cba40efe9994b398,2019-04-01 12:30:22,23.61469,37.85384,178,179,17.9,0101000020E6100000A12DE7525C9D374021020EA14AED4240
150764,84872dde83fa3649fba717401ad1ceb3de83b0585f476fb1cba40efe9994b398,2019-04-01 12:30:35,23.61471,37.85284,178,179,17.8,0101000020E61000002F8672A25D9D37403E5C72DC29ED4240
150881,84872dde83fa3649fba717401ad1ceb3de83b0585f476fb1cba40efe9994b398,2019-04-01 12:30:59,23.61473,37.85086,178,179,17.8,0101000020E6100000BEDEFDF15E9D3740BEBC00FBE8EC4240
150935,84872dde83fa3649fba717401ad1ceb3de83b0585f476fb1cba40efe9994b398,2019-04-01 12:31:11,23.61475,37.84978,178,179,17.9,0101000020E61000004C378941609D3740BF654E97C5EC4240
151145,84872dde83fa3649fba717401ad1ceb3de83b0585f476fb1cba40efe9994b398,2019-04-01 12:31:59,23.61481,37.84589,178,179,17.9,0101000020E6100000F6402B30649D3740B8019F1F46EC4240
143055,84872dde83fa3649fba717401ad1ceb3de83b0585f476fb1cba40efe9994b398,2019-04-01 11:59:23,23.63658,37.93806,190,5,0.8,0101000020E6100000A54929E8F6A23740C7D79E5912F84240
143132,84872dde83fa3649fba717401ad1ceb3de83b0585f476fb1cba40efe9994b398,2019-04-01 11:59:43,23.63661,37.93818,190,9,1.1,0101000020E61000007B4E7ADFF8A2374072E1404816F84240
143210,84872dde83fa3649fba717401ad1ceb3de83b0585f476fb1cba40efe9994b398,2019-04-01 12:00:02,23.63663,37.93831,190,9,1.4,0101000020E610000009A7052FFAA2374040C1C58A1AF84240
143282,84872dde83fa3649fba717401ad1ceb3de83b0585f476fb1cba40efe9994b398,2019-04-01 12:00:23,23.63665,37.93847,190,7,1.7,0101000020E610000097FF907EFBA237407923F3C81FF84240
143356,84872dde83fa3649fba717401ad1ceb3de83b0585f476fb1cba40efe9994b398,2019-04-01 12:00:43,23.63669,37.93866,189,8,2,0101000020E6100000B4B0A71DFEA237401C08C90226F84240
143433,84872dde83fa3649fba717401ad1ceb3de83b0585f476fb1cba40efe9994b398,2019-04-01 12:01:02,23.63674,37.93885,189,10,2.1,0101000020E6100000170E846401A33740C0EC9E3C2CF84240
151428,84872dde83fa3649fba717401ad1ceb3de83b0585f476fb1cba40efe9994b398,2019-04-01 12:32:59,23.61488,37.84081,178,179,18,0101000020E6100000E8F692C6689D37402B137EA99FEB4240
151485,84872dde83fa3649fba717401ad1ceb3de83b0585f476fb1cba40efe9994b398,2019-04-01 12:33:11,23.61489,37.83989,178,179,18,0101000020E61000002FA3586E699D3740641EF98381EB4240
151539,84872dde83fa3649fba717401ad1ceb3de83b0585f476fb1cba40efe9994b398,2019-04-01 12:33:23,23.61491,37.83881,178,179,18,0101000020E6100000BDFBE3BD6A9D374065C746205EEB4240
143578,84872dde83fa3649fba717401ad1ceb3de83b0585f476fb1cba40efe9994b398,2019-04-01 12:01:43,23.63686,37.93933,186,14,2.6,0101000020E61000006C21C84109A337406A1327F73BF84240
143659,84872dde83fa3649fba717401ad1ceb3de83b0585f476fb1cba40efe9994b398,2019-04-01 12:02:02,23.63695,37.9396,181,17,3.1,0101000020E6100000EC2FBB270FA337402AA913D044F84240
151586,84872dde83fa3649fba717401ad1ceb3de83b0585f476fb1cba40efe9994b398,2019-04-01 12:33:35,23.61492,37.83789,178,179,18,0101000020E610000005A8A9656B9D37409ED2C1FA3FEB4240
152030,84872dde83fa3649fba717401ad1ceb3de83b0585f476fb1cba40efe9994b398,2019-04-01 12:35:11,23.61506,37.82989,178,179,18,0101000020E6100000E8137992749D374083A3E4D539EA4240
152087,84872dde83fa3649fba717401ad1ceb3de83b0585f476fb1cba40efe9994b398,2019-04-01 12:35:23,23.61509,37.82881,178,179,18,0101000020E6100000BD18CA89769D3740834C327216EA4240
152149,84872dde83fa3649fba717401ad1ceb3de83b0585f476fb1cba40efe9994b398,2019-04-01 12:35:36,23.61513,37.82782,176,179,18,0101000020E6100000DAC9E028799D3740C47C7901F6E94240
152198,84872dde83fa3649fba717401ad1ceb3de83b0585f476fb1cba40efe9994b398,2019-04-01 12:35:47,23.61523,37.82682,173,177,18,0101000020E6100000A18499B67F9D3740E0D6DD3CD5E94240
152238,84872dde83fa3649fba717401ad1ceb3de83b0585f476fb1cba40efe9994b398,2019-04-01 12:35:55,23.61534,37.82616,170,175,17.9,0101000020E6100000AFEB17EC869D3740B6A1629CBFE94240
152264,84872dde83fa3649fba717401ad1ceb3de83b0585f476fb1cba40efe9994b398,2019-04-01 12:35:59,23.61541,37.82584,168,174,17.9,0101000020E6100000A1A17F828B9D374044DD0720B5E94240
152283,84872dde83fa3649fba717401ad1ceb3de83b0585f476fb1cba40efe9994b398,2019-04-01 12:36:03,23.61549,37.82552,166,173,17.8,0101000020E6100000DA03ADC0909D3740D218ADA3AAE94240
152326,84872dde83fa3649fba717401ad1ceb3de83b0585f476fb1cba40efe9994b398,2019-04-01 12:36:11,23.61565,37.82496,163,170,17.8,0101000020E61000004BC8073D9B9D37400B410E4A98E94240
155229,84872dde83fa3649fba717401ad1ceb3de83b0585f476fb1cba40efe9994b398,2019-04-01 12:46:59,23.64307,37.77663,154,156,17.9,0101000020E6100000EA094B3CA0A43740D68BA19C68E34240
155282,84872dde83fa3649fba717401ad1ceb3de83b0585f476fb1cba40efe9994b398,2019-04-01 12:47:11,23.64359,37.77572,154,156,17.9,0101000020E61000005B087250C2A43740336DFFCA4AE34240
155335,84872dde83fa3649fba717401ad1ceb3de83b0585f476fb1cba40efe9994b398,2019-04-01 12:47:23,23.64411,37.77481,154,156,17.9,0101000020E6100000CD069964E4A43740904E5DF92CE34240
152352,84872dde83fa3649fba717401ad1ceb3de83b0585f476fb1cba40efe9994b398,2019-04-01 12:36:15,23.61579,37.82457,161,168,17.7,0101000020E61000002F34D769A49D3740A1A17F828BE94240
155440,84872dde83fa3649fba717401ad1ceb3de83b0585f476fb1cba40efe9994b398,2019-04-01 12:47:47,23.64511,37.77307,154,156,18,0101000020E61000009352D0ED25A5374065C22FF5F3E24240
152374,84872dde83fa3649fba717401ad1ceb3de83b0585f476fb1cba40efe9994b398,2019-04-01 12:36:19,23.61591,37.82426,159,167,17.6,0101000020E610000084471B47AC9D374053B3075A81E94240
152413,84872dde83fa3649fba717401ad1ceb3de83b0585f476fb1cba40efe9994b398,2019-04-01 12:36:27,23.61618,37.82366,156,163,17.5,0101000020E61000000473F4F8BD9D3740FD82DDB06DE94240
152435,84872dde83fa3649fba717401ad1ceb3de83b0585f476fb1cba40efe9994b398,2019-04-01 12:36:31,23.61632,37.82335,155,162,17.4,0101000020E6100000E8DEC325C79D3740AF94658863E94240
152455,84872dde83fa3649fba717401ad1ceb3de83b0585f476fb1cba40efe9994b398,2019-04-01 12:36:36,23.61648,37.82306,155,161,17.3,0101000020E610000059A31EA2D19D3740A852B3075AE94240
152486,84872dde83fa3649fba717401ad1ceb3de83b0585f476fb1cba40efe9994b398,2019-04-01 12:36:43,23.61678,37.82247,154,158,17.2,0101000020E6100000AED3484BE59D374077F86BB246E94240
152561,84872dde83fa3649fba717401ad1ceb3de83b0585f476fb1cba40efe9994b398,2019-04-01 12:36:59,23.61742,37.82131,154,156,17.2,0101000020E610000075E5B33C0F9E37405AF0A2AF20E94240
152617,84872dde83fa3649fba717401ad1ceb3de83b0585f476fb1cba40efe9994b398,2019-04-01 12:37:11,23.61787,37.82049,154,156,17.2,0101000020E6100000F52D73BA2C9E3740F758FAD005E94240
152668,84872dde83fa3649fba717401ad1ceb3de83b0585f476fb1cba40efe9994b398,2019-04-01 12:37:23,23.61841,37.81953,154,156,17.2,0101000020E6100000F584251E509E3740A20BEA5BE6E84240
125191,84872dde83fa3649fba717401ad1ceb3de83b0585f476fb1cba40efe9994b398,2019-04-01 10:43:57,23.63646,37.93791,187,309,0,0101000020E61000005036E50AEFA23740B24B546F0DF84240
152735,84872dde83fa3649fba717401ad1ceb3de83b0585f476fb1cba40efe9994b398,2019-04-01 12:37:36,23.61892,37.81866,154,155,17.3,0101000020E61000001FD7868A719E37408D45D3D9C9E84240
152904,84872dde83fa3649fba717401ad1ceb3de83b0585f476fb1cba40efe9994b398,2019-04-01 12:38:12,23.62045,37.81603,154,155,17.4,0101000020E61000009FCDAACFD59E37400647C9AB73E84240
152963,84872dde83fa3649fba717401ad1ceb3de83b0585f476fb1cba40efe9994b398,2019-04-01 12:38:23,23.62096,37.81515,154,155,17.5,0101000020E6100000C91F0C3CF79E3740CEAACFD556E84240
153025,84872dde83fa3649fba717401ad1ceb3de83b0585f476fb1cba40efe9994b398,2019-04-01 12:38:36,23.62149,37.81427,154,155,17.5,0101000020E610000082CAF8F7199F3740950ED6FF39E84240
153077,84872dde83fa3649fba717401ad1ceb3de83b0585f476fb1cba40efe9994b398,2019-04-01 12:38:47,23.622,37.81339,154,155,17.5,0101000020E6100000AC1C5A643B9F37405C72DC291DE84240
153145,84872dde83fa3649fba717401ad1ceb3de83b0585f476fb1cba40efe9994b398,2019-04-01 12:38:58,23.62249,37.81262,154,155,17.6,0101000020E6100000481630815B9F3740AB09A2EE03E84240
153209,84872dde83fa3649fba717401ad1ceb3de83b0585f476fb1cba40efe9994b398,2019-04-01 12:39:12,23.62304,37.81165,154,155,17.6,0101000020E61000008F19A88C7F9F374032E6AE25E4E74240
153259,84872dde83fa3649fba717401ad1ceb3de83b0585f476fb1cba40efe9994b398,2019-04-01 12:39:23,23.62355,37.81075,154,155,17.6,0101000020E6100000BA6B09F9A09F3740B29DEFA7C6E74240
153313,84872dde83fa3649fba717401ad1ceb3de83b0585f476fb1cba40efe9994b398,2019-04-01 12:39:35,23.62402,37.80995,154,155,17.6,0101000020E6100000C80C54C6BF9F374096B20C71ACE74240
153376,84872dde83fa3649fba717401ad1ceb3de83b0585f476fb1cba40efe9994b398,2019-04-01 12:39:47,23.62458,37.80898,154,155,17.6,0101000020E610000056BC9179E49F37401D8F19A88CE74240
153431,84872dde83fa3649fba717401ad1ceb3de83b0585f476fb1cba40efe9994b398,2019-04-01 12:39:58,23.62506,37.80815,155,155,17.6,0101000020E6100000AB09A2EE03A0374096218E7571E74240
153492,84872dde83fa3649fba717401ad1ceb3de83b0585f476fb1cba40efe9994b398,2019-04-01 12:40:12,23.6256,37.80717,154,156,17.6,0101000020E6100000AA60545227A03740FA27B85851E74240
153537,84872dde83fa3649fba717401ad1ceb3de83b0585f476fb1cba40efe9994b398,2019-04-01 12:40:23,23.62612,37.80627,154,155,17.6,0101000020E61000001C5F7B6649A037407ADFF8DA33E74240
153741,84872dde83fa3649fba717401ad1ceb3de83b0585f476fb1cba40efe9994b398,2019-04-01 12:41:11,23.62817,37.80271,154,155,17.6,0101000020E61000000D54C6BFCFA0374009168733BFE64240
153793,84872dde83fa3649fba717401ad1ceb3de83b0585f476fb1cba40efe9994b398,2019-04-01 12:41:23,23.62869,37.8018,154,155,17.6,0101000020E61000007E52EDD3F1A0374066F7E461A1E64240
153842,84872dde83fa3649fba717401ad1ceb3de83b0585f476fb1cba40efe9994b398,2019-04-01 12:41:35,23.62916,37.80097,154,155,17.7,0101000020E61000008CF337A110A13740DF89592F86E64240
154010,84872dde83fa3649fba717401ad1ceb3de83b0585f476fb1cba40efe9994b398,2019-04-01 12:42:11,23.63073,37.79821,154,156,17.7,0101000020E6100000289B728577A137408AABCABE2BE64240
154056,84872dde83fa3649fba717401ad1ceb3de83b0585f476fb1cba40efe9994b398,2019-04-01 12:42:23,23.63125,37.79732,154,155,17.7,0101000020E61000009A99999999A137402E39EE940EE64240
154157,84872dde83fa3649fba717401ad1ceb3de83b0585f476fb1cba40efe9994b398,2019-04-01 12:42:46,23.63223,37.79562,154,155,17.7,0101000020E6100000D28C45D3D9A1374092054CE0D6E54240
154492,84872dde83fa3649fba717401ad1ceb3de83b0585f476fb1cba40efe9994b398,2019-04-01 12:44:11,23.63586,37.78928,154,156,17.7,0101000020E6100000A6D590B8C7A2374085B1852007E54240
154544,84872dde83fa3649fba717401ad1ceb3de83b0585f476fb1cba40efe9994b398,2019-04-01 12:44:23,23.63638,37.78839,154,156,17.7,0101000020E610000017D4B7CCE9A23740293FA9F6E9E44240
154595,84872dde83fa3649fba717401ad1ceb3de83b0585f476fb1cba40efe9994b398,2019-04-01 12:44:35,23.63685,37.78756,154,156,17.7,0101000020E61000002575029A08A33740A2D11DC4CEE44240
154709,84872dde83fa3649fba717401ad1ceb3de83b0585f476fb1cba40efe9994b398,2019-04-01 12:44:59,23.63792,37.78568,154,156,17.8,0101000020E6100000DE76A1B94EA33740868F882991E44240
126760,84872dde83fa3649fba717401ad1ceb3de83b0585f476fb1cba40efe9994b398,2019-04-01 10:49:59,23.63656,37.93797,187,17,0,0101000020E610000017F19D98F5A237408750A5660FF84240
128221,84872dde83fa3649fba717401ad1ceb3de83b0585f476fb1cba40efe9994b398,2019-04-01 10:55:57,23.63652,37.93798,187,53,0,0101000020E6100000FB3F87F9F2A23740AB2688BA0FF84240
131066,84872dde83fa3649fba717401ad1ceb3de83b0585f476fb1cba40efe9994b398,2019-04-01 11:07:58,23.63655,37.93793,187,198,0,0101000020E6100000D044D8F0F4A23740F9F719170EF84240
